time [d],date,hour,rainfall [mm/day],snowfall [mm/d SWE],Channel Storage [mm],Reservoir Storage [mm],Rivulet Storage [mm],Surface Water [mm],Cum. Losses to Atmosphere [mm],Ponded Water [mm],Soil Water[0] [mm],Soil Water[1] [mm],Soil Water[2] [mm],Soil Water[3] [mm],Snow [mm],Convolution Storage[0] [mm],Convolution Storage[1] [mm], Total [mm], Cum. Inputs [mm], Cum. Outflow [mm], MB Error [mm]
0,2000-01-01,00:00:00.00,---,---,0,0,0,0,0,0,205.534,13.78,0,0,0,0,0,219.314,0,0,0
1,2000-01-02,00:00:00.00,0.0530597,0.00309434,0,0,0.00318963,0,0.609099,0,203.046,13.8895,0,-0.000520997,0.00278483,1.62911,0.187084,219.367,0.056154,0.00318963,-3.65888e-14
2,2000-01-03,00:00:00.00,3.80124,0,0,0,0.0214718,0,1.64572,0,201.265,14.656,0,-0.00114976,0.00250629,4.95432,0.599121,223.143,3.85739,0.0278511,-1.33227e-15
3,2000-01-04,00:00:00.00,12.0067,0.94292,0,0,0.083143,0,2.80854,0,199.908,17.636,0,-0.00235154,0.84436,13.0465,1.66379,235.988,16.807,0.132466,-3.19744e-14
4,2000-01-05,00:00:00.00,0.0736968,0.534671,0,0,0.19587,0,2.90754,0,198.176,23.5647,0,-0.00566551,1.37903,8.65508,1.44505,236.317,17.4154,0.411479,-3.19744e-14
5,2000-01-06,00:00:00.00,0,0,0,0,0.298414,0,3.10765,0,196.347,31.1034,0,-0.0144212,1.37903,2.58367,1.01807,235.823,17.4154,0.905764,2.13163e-14
6,2000-01-07,00:00:00.00,0.116395,0.118176,0,0,0.281194,0,3.3606,0,194.653,32.8022,0,-0.0249684,1.49721,2.28908,0.620196,235.478,17.6499,1.48537,-2.13163e-14
7,2000-01-08,00:00:00.00,0,0,0,0,0.17417,0,3.61893,0,192.906,34.2446,0,-0.0372306,1.49721,2.18815,0.431078,235.023,17.6499,1.94074,-7.4607e-14
8,2000-01-09,00:00:00.00,1.89163,0,0,0,0.106635,0,4.07172,0,191.637,35.6968,0,-0.0514119,1.49721,3.17503,0.500925,236.634,19.5416,2.22154,-4.9738e-14
9,2000-01-10,00:00:00.00,4.02742,0.453917,0,0,0.0982185,0,4.79463,0,190.687,37.5299,0,-0.0683109,1.72822,5.37333,0.767393,240.91,24.0229,2.4264,-1.42109e-14
10,2000-01-11,00:00:00.00,2.09898,0,0,0,0.128475,0,5.45534,0,189.551,40.4162,0,-0.0902159,1.5336,4.98024,0.808008,242.782,26.1219,2.65309,-4.61853e-14
11,2000-01-12,00:00:00.00,0,0,0,0,0.16439,0,5.76437,0,188.103,43.7846,0,-0.119211,1.36307,2.79049,0.639219,242.49,26.1219,2.94595,-8.52651e-14
12,2000-01-13,00:00:00.00,0,8.00024,0,0,0.167744,0,5.76437,0,186.837,45.8364,0,-0.153251,9.36332,1.87657,0.465579,250.158,34.1221,3.27809,-5.68434e-14
13,2000-01-14,00:00:00.00,0,3.41527,0,0,0.134914,0,5.76437,0,185.613,47.0227,0,-0.190481,12.7786,1.7899,0.357537,253.27,37.5374,3.58074,-7.81597e-14
14,2000-01-15,00:00:00.00,0,0,0,0,0.102556,0,5.76437,0,184.428,48.1439,0,-0.230915,12.7786,1.7321,0.314505,253.033,37.5374,3.81821,-9.23706e-14
15,2000-01-16,00:00:00.00,0.0488333,0.121877,0,0,0.0888396,0,5.83896,0,183.255,49.2275,0,-0.274631,12.9005,1.67691,0.29953,253.012,37.7081,4.00961,-9.9476e-14
16,2000-01-17,00:00:00.00,0,0.989827,0,0,0.0866023,0,5.83896,0,182.142,50.2753,0,-0.321696,13.8903,1.62498,0.290123,253.826,38.6979,4.18505,-7.81597e-14
17,2000-01-18,00:00:00.00,0,0.388864,0,0,0.0870596,0,5.83896,0,181.062,51.2888,0,-0.372173,14.2792,1.5763,0.28126,254.042,39.0868,4.35871,-5.68434e-14
18,2000-01-19,00:00:00.00,0,0.607175,0,0,0.08771,0,5.83896,0,180.014,52.2701,0,-0.426119,14.8863,1.53019,0.272895,254.474,39.694,4.53348,-5.68434e-14
19,2000-01-20,00:00:00.00,0,5.47332,0,0,0.0885473,0,5.83896,0,178.995,53.2208,0,-0.483586,20.3596,1.48646,0.26498,259.771,45.1673,4.70974,-4.26326e-14
20,2000-01-21,00:00:00.00,0,4.62339,0,0,0.0895579,0,5.83896,0,178.005,54.1423,0,-0.54462,24.983,1.44492,0.257471,264.216,49.7907,4.88785,-1.13687e-13
21,2000-01-22,00:00:00.00,0,0.057493,0,0,0.0907278,0,5.83896,0,177.041,55.0358,0,-0.609261,25.0405,1.40543,0.250337,264.094,49.8482,5.06813,-1.13687e-13
22,2000-01-23,00:00:00.00,0,0,0,0,0.0920455,0,5.83896,0,176.103,55.9025,0,-0.677547,25.0405,1.36784,0.243552,263.911,49.8482,5.25091,7.10543e-15
23,2000-01-24,00:00:00.00,0,0.32191,0,0,0.0935017,0,5.83896,0,175.189,56.7436,0,-0.749507,25.3624,1.33202,0.23709,264.047,50.1701,5.43645,-5.68434e-14
24,2000-01-25,00:00:00.00,0,0.39982,0,0,0.0950873,0,5.83896,0,174.299,57.56,0,-0.825167,25.7623,1.29786,0.230931,264.258,50.5699,5.62504,-7.10543e-14
25,2000-01-26,00:00:00.00,0,5.55843,0,0,0.0967938,0,5.83896,0,173.43,58.3526,0,-0.90455,31.3207,1.26524,0.225054,269.625,56.1283,5.81692,-7.10543e-14
26,2000-01-27,00:00:00.00,0,3.68739,0,0,0.098613,0,5.83896,0,172.583,59.1225,0,-0.987673,35.0081,1.23407,0.219441,273.117,59.8157,6.01233,-9.9476e-14
27,2000-01-28,00:00:00.00,0,0.815723,0,0,0.100537,0,5.83896,0,171.756,59.8704,0,-1.07455,35.8238,1.20426,0.214076,273.734,60.6314,6.21148,-2.84217e-14
28,2000-01-29,00:00:00.00,0,0,0,0,0.102559,0,5.83896,0,170.949,60.597,0,-1.16519,35.8238,1.17571,0.208942,273.53,60.6314,6.41458,-7.10543e-14
29,2000-01-30,00:00:00.00,0.290698,1.87687,0,0,0.10467,0,6.12965,0,170.16,61.3032,0,-1.25959,37.7007,1.14836,0.204025,275.491,62.799,6.6218,-7.10543e-14
30,2000-01-31,00:00:00.00,0.925553,8.28777,0,0,0.107458,0,6.58998,0,169.532,62.0077,0,-1.35786,45.9884,1.39408,0.230543,284.492,72.0123,6.83393,-1.42109e-14
31,2000-02-01,00:00:00.00,0,1.99685,0,0,0.112007,0,6.665,0,168.701,62.7595,0,-1.46039,47.9853,1.28521,0.221448,286.269,74.0092,7.0534,-4.26326e-14
32,2000-02-02,00:00:00.00,0,1.33349,0,0,0.117985,0,6.665,0,167.963,63.5884,0,-1.56775,49.3188,1.08066,0.20716,287.373,75.3427,7.28339,-2.84217e-14
33,2000-02-03,00:00:00.00,0,0.114555,0,0,0.120641,0,6.665,0,167.24,64.2247,0,-1.67895,49.4333,1.05161,0.192704,287.249,75.4572,7.52201,0
34,2000-02-04,00:00:00.00,0,0.17071,0,0,0.120475,0,6.665,0,166.532,64.8377,0,-1.79392,49.6041,1.0292,0.183767,287.178,75.6279,7.76313,0
35,2000-02-05,00:00:00.00,0,0.970349,0,0,0.121149,0,6.665,0,165.839,65.4335,0,-1.91265,50.5744,1.00763,0.178765,287.907,76.5983,8.00475,-2.84217e-14
36,2000-02-06,00:00:00.00,0,0.497207,0,0,0.123192,0,6.665,0,165.161,66.0128,0,-2.03513,51.0716,0.986863,0.175043,288.16,77.0955,8.2491,-1.42109e-14
37,2000-02-07,00:00:00.00,0.00923067,0.219879,0,0,0.125842,0,6.67423,0,164.496,66.5759,0,-2.16132,51.2915,0.966854,0.171458,288.14,77.3246,8.49813,-2.84217e-14
38,2000-02-08,00:00:00.00,0,0,0,0,0.128527,0,6.67423,0,163.844,67.1233,0,-2.2912,51.2915,0.947564,0.168004,287.886,77.3246,8.7525,-2.84217e-14
39,2000-02-09,00:00:00.00,0,0,0,0,0.131231,0,6.96012,0,162.924,67.6551,0,-2.42475,51.2915,0.924305,0.164138,287.626,77.3246,9.01226,-7.10543e-14
40,2000-02-10,00:00:00.00,0.174222,0.111043,0,0,0.13391,0,7.34809,0,162.093,68.1704,0,-2.56191,51.4025,0.899902,0.160098,287.646,77.6099,9.2774,-4.26326e-14
41,2000-02-11,00:00:00.00,0.295336,2.14731,0,0,0.136514,0,7.64343,0,161.487,68.6671,0,-2.70262,53.5498,0.880493,0.156428,289.818,80.0525,9.54782,-2.84217e-14
42,2000-02-12,00:00:00.00,0,0,0,0,0.139083,0,7.64343,0,160.892,69.1475,0,-2.84684,53.5498,0.864099,0.153186,289.543,80.0525,9.82342,0
43,2000-02-13,00:00:00.00,0.019104,0.210006,0,0,0.141711,0,7.66253,0,160.308,69.6145,0,-2.99452,53.7598,0.848317,0.150265,289.491,80.2816,10.1042,-4.26326e-14
44,2000-02-14,00:00:00.00,0,5.77659,0,0,0.144408,0,7.88529,0,159.516,70.0681,0,-3.14562,59.5364,0.829718,0.14714,294.981,86.0582,10.3903,-1.13687e-13
45,2000-02-15,00:00:00.00,0,4.85096,0,0,0.147106,0,7.98539,0,158.858,70.5078,0,-3.30009,64.3874,0.811283,0.144018,299.541,90.9092,10.6818,-2.84217e-14
46,2000-02-16,00:00:00.00,0.101838,0.127272,0,0,0.14974,0,8.32006,0,158.081,70.9321,0,-3.45786,64.5147,0.792747,0.140759,299.473,91.1383,10.9787,-8.52651e-14
47,2000-02-17,00:00:00.00,0.397443,0.789635,0,0,0.152314,0,8.7175,0,157.546,71.3423,0,-3.61888,65.3043,0.776879,0.13784,300.358,92.3254,11.2807,-4.26326e-14
48,2000-02-18,00:00:00.00,0,1.82536,0,0,0.154863,0,8.71879,0,157.019,71.7386,0,-3.78307,67.1297,0.763741,0.135249,301.876,94.1507,11.5879,-7.10543e-14
49,2000-02-19,00:00:00.00,0,7.6669,0,0,0.157435,0,8.83791,0,156.384,72.1234,0,-3.95039,74.7966,0.74943,0.132716,309.231,101.818,11.9002,-5.68434e-14
50,2000-02-20,00:00:00.00,0,0.22911,0,0,0.160021,0,9.02001,0,155.698,72.4964,0,-4.12079,75.0257,0.733596,0.130072,309.143,102.047,12.2177,-9.9476e-14
51,2000-02-21,00:00:00.00,0,0,0,0,0.162554,0,9.45886,0,154.77,72.8564,0,-4.29419,75.0257,0.714258,0.126954,308.82,102.047,12.5403,-5.68434e-14
52,2000-02-22,00:00:00.00,0,0,0,0,0.164951,0,10.3294,0,153.431,73.2018,0,-4.47051,75.0257,0.687741,0.122891,308.493,102.047,12.8678,-4.26326e-14
53,2000-02-23,00:00:00.00,0,0,0,0,0.229468,0,11.8598,0,170.174,75.203,0,-4.66447,26.4366,25.8485,3.011,308.098,102.047,13.2622,2.84217e-14
54,2000-02-24,00:00:00.00,0.114555,0,0,0,0.505197,0,13.7664,0,171.189,83.5127,0,-4.94567,18.6915,21.7534,3.00564,307.478,102.161,13.9968,-1.13687e-13
55,2000-02-25,00:00:00.00,2.6651,0,0,0,1.16652,0,15.0884,0,172.078,101.425,0,-5.51015,14.2722,7.51695,2.43451,308.471,104.826,15.6686,-1.42109e-14
56,2000-02-26,00:00:00.00,0.64382,0,0,0,1.36824,0,17.1161,0,171.707,105.258,0,-6.15617,11.3582,4.5178,1.41062,306.58,105.47,18.2033,-8.52651e-14
57,2000-02-27,00:00:00.00,0.514375,0,0,0,1.25298,0,19.1891,0,171.054,107.657,0,-6.85766,9.28068,2.17859,0.718865,304.474,105.985,20.8245,-1.56319e-13
58,2000-02-28,00:00:00.00,7.32535,0.1079,0,0,1.09662,0,20.3395,0,172.519,108.441,0,-7.57807,7.80632,6.02083,0.9123,309.557,113.418,23.1741,-9.9476e-14
59,2000-02-29,00:00:00.00,0,0,0,0,1.07275,0,21.5649,0,171.693,109.73,0,-8.33043,6.58088,4.36598,0.710194,307.388,113.418,25.3435,-1.27898e-13
60,2000-03-01,00:00:00.00,0.341419,0,0,0,1.18813,0,22.8805,0,170.887,112.288,0,-9.14951,5.60668,1.27116,0.495665,305.468,113.759,27.6044,-1.56319e-13
61,2000-03-02,00:00:00.00,2.59907,0.19742,0,0,1.16014,0,24.7835,0,170.556,111.942,0,-9.95929,4.97779,2.0454,0.41082,305.917,116.556,29.9527,-1.13687e-13
62,2000-03-03,00:00:00.00,0.880673,1.53946,0,0,1.10599,0,25.6636,0,169.777,111.716,0,-10.7631,6.51725,1.74738,0.306912,306.071,118.976,32.2188,-1.7053e-13
63,2000-03-04,00:00:00.00,0,0,0,0,1.08449,0,26.2803,0,168.411,111.789,0,-11.5688,6.51725,1.11723,0.249341,303.88,118.976,34.4093,-1.56319e-13
64,2000-03-05,00:00:00.00,0,0,0,0,1.05297,0,27.242,0,167.679,111.299,0,-12.3615,5.5555,1.06598,0.210145,301.743,118.976,36.5467,-9.9476e-14
65,2000-03-06,00:00:00.00,0,0,0,0,1.02144,0,28.1729,0,166.815,110.796,0,-13.1411,4.77466,1.04009,0.188819,299.668,118.976,38.6211,-1.13687e-13
66,2000-03-07,00:00:00.00,0,0,0,0,0.993379,0,29.4975,0,165.45,110.307,0,-13.9082,4.13079,1.00444,0.179243,297.654,118.976,40.636,-8.52651e-14
67,2000-03-08,00:00:00.00,0.177249,0,0,0,0.97035,0,31.3729,0,163.641,109.824,0,-14.6629,3.59316,0.956184,0.171907,295.867,119.153,42.5997,-1.42109e-13
68,2000-03-09,00:00:00.00,0,0,0,0,0.949337,0,33.0143,0,161.841,109.34,0,-15.4055,3.13961,0.904644,0.163581,293.947,119.153,44.5194,-1.42109e-13
69,2000-03-10,00:00:00.00,8.30889,1.62979,0,0,0.942031,0,36.1376,0,163.364,109.051,0,-16.1409,4.12642,3.99786,0.515833,301.995,129.092,46.4107,-1.7053e-13
70,2000-03-11,00:00:00.00,0,0.570529,0,0,0.979284,0,36.4484,0,162.43,109.483,0,-16.887,4.69695,3.03377,0.460283,300.644,129.662,48.332,-2.84217e-13
71,2000-03-12,00:00:00.00,4.06429,7.39826,0,0,1.07754,0,37.3263,0,162.977,111.042,0,-17.673,12.0952,2.66496,0.54033,310.05,141.125,50.3889,-1.7053e-13
72,2000-03-13,00:00:00.00,0.713954,1.03589,0,0,1.08953,0,38.0402,0,162.354,111.016,0,-18.4584,13.1311,2.06673,0.392554,309.632,142.875,52.556,-1.56319e-13
73,2000-03-14,00:00:00.00,0,0,0,0,1.09615,0,39.014,0,160.788,111.496,0,-19.2563,13.1311,0.908289,0.270205,307.447,142.875,54.7416,-1.42109e-13
74,2000-03-15,00:00:00.00,0.341419,0,0,0,1.05169,0,41.0044,0,160.556,110.935,0,-20.0395,10.5594,1.32863,0.244347,305.64,143.216,56.8895,-1.7053e-13
75,2000-03-16,00:00:00.00,2.31006,0.335204,0,0,1.01635,0,43.022,0,160.831,110.54,0,-20.8125,8.93878,2.34423,0.337347,306.217,145.861,58.9575,-1.7053e-13
76,2000-03-17,00:00:00.00,0,13.1978,0,0,1.0188,0,43.2459,0,160.028,110.594,0,-21.5869,22.1366,1.65311,0.29056,317.38,159.059,60.9927,-1.13687e-13
77,2000-03-18,00:00:00.00,0,0,0,0,1.03283,0,43.3255,0,159.382,110.741,0,-22.3651,22.1366,0.849407,0.227041,315.328,159.059,63.0443,-2.27374e-13
78,2000-03-19,00:00:00.00,0,0,0,0,1.00342,0,43.7114,0,158.445,110.149,0,-23.1281,22.1366,0.803664,0.170818,313.292,159.059,65.0806,-1.98952e-13
79,2000-03-20,00:00:00.00,0,0,0,0,0.963409,0,45.0778,0,156.56,109.554,0,-23.8761,22.1366,0.766689,0.142316,311.325,159.059,67.0474,-2.13163e-13
80,2000-03-21,00:00:00.00,0.114555,0,0,0,0.939531,0,46.6711,0,157.802,109.111,0,-24.6129,16.3461,2.89974,0.380805,309.537,159.174,68.9503,-2.41585e-13
81,2000-03-22,00:00:00.00,0.497207,0,0,0,0.958259,0,48.5922,0,158.137,109.243,0,-25.3531,12.7611,3.32981,0.468121,308.136,159.671,70.8481,-2.70006e-13
82,2000-03-23,00:00:00.00,0,0,0,0,1.03205,0,50.8906,0,157.668,110.351,0,-26.1212,10.2964,1.65015,0.380003,306.146,159.671,72.8384,-1.27898e-13
83,2000-03-24,00:00:00.00,0,0,0,0,1.04979,0,52.6941,0,157.139,110.478,0,-26.8926,8.4929,0.84678,0.256339,304.064,159.671,74.9203,-1.56319e-13
84,2000-03-25,00:00:00.00,0.114555,0,0,0,1.00648,0,54.913,0,155.903,109.916,0,-27.6497,7.11712,0.745732,0.170339,302.123,159.786,76.9765,-2.55795e-13
85,2000-03-26,00:00:00.00,0,0,0,0,0.955354,0,56.4353,0,154.97,109.302,0,-28.3913,6.03567,0.719129,0.134826,300.161,159.786,78.9384,-1.56319e-13
86,2000-03-27,00:00:00.00,0.056154,0,0,0,0.917862,0,57.8993,0,153.955,108.702,0,-29.1181,5.1662,0.696495,0.124739,298.344,159.842,80.8116,-1.7053e-13
87,2000-03-28,00:00:00.00,0.378064,0,0,0,0.891455,0,59.3571,0,153.123,108.12,0,-29.8307,4.45476,0.676135,0.12064,296.912,160.22,82.6209,-1.42109e-13
88,2000-03-29,00:00:00.00,1.78775,0,0,0,0.871378,0,60.4964,0,153.207,107.592,0,-30.5306,3.86443,1.25145,0.185367,296.937,162.008,84.3837,-8.52651e-14
89,2000-03-30,00:00:00.00,0.056154,0,0,0,0.860634,0,61.5981,0,152.207,107.218,0,-31.2217,3.36898,1.05744,0.172903,295.262,162.064,86.1158,-7.10543e-14
90,2000-03-31,00:00:00.00,0,0,0,0,0.859766,0,62.7461,0,151.046,107.054,0,-31.9089,2.94924,0.64662,0.148242,293.541,162.064,87.8362,-1.56319e-13
91,2000-04-01,00:00:00.00,0,0,0,0,0.840166,0,64.3234,0,149.417,106.527,0,-32.5838,2.59083,0.604765,0.121672,291.841,162.064,89.5361,-1.42109e-13
92,2000-04-02,00:00:00.00,2.52612,0,0,0,0.816323,0,66.2218,0,149.447,106.024,0,-33.2472,2.28275,1.00981,0.156131,292.711,164.59,91.1926,-2.13163e-13
93,2000-04-03,00:00:00.00,9.0937,0,0,0,0.81396,0,68.4366,0,152.279,105.841,0,-33.9063,2.01644,4.17047,0.522912,300.174,173.683,92.8229,-9.9476e-14
94,2000-04-04,00:00:00.00,14.9884,0,0,0,0.892161,0,70.5969,0,157.366,106.984,0,-34.5919,1.78511,9.2416,1.18229,313.456,188.672,94.529,-8.52651e-14
95,2000-04-05,00:00:00.00,0.699863,0.277025,0,0,1.10356,0,71.534,0,156.843,110.407,0,-35.3615,1.82489,5.14189,0.944659,312.438,189.649,96.5247,-2.13163e-13
96,2000-04-06,00:00:00.00,0.347958,0,0,0,1.31534,0,73.0052,0,155.427,113.773,0,-36.2214,1.61809,0.86774,0.582624,310.367,189.997,98.9436,-1.84741e-13
97,2000-04-07,00:00:00.00,0,0,0,0,1.25098,0,74.3849,0,153.754,113.057,0,-37.0614,1.43717,0.698404,0.279398,307.8,189.997,101.51,-1.27898e-13
98,2000-04-08,00:00:00.00,10.5525,0.440235,0,0,1.14854,0,76.0563,0,157.101,112.52,0,-37.8867,1.66394,5.13114,0.659199,316.394,200.989,103.909,-2.84217e-14
99,2000-04-09,00:00:00.00,8.3717,3.48994,0,0,1.1689,0,77.7238,0,159.53,113.266,0,-38.7325,4.4446,7.54611,0.990835,325.938,212.851,106.227,-1.42109e-13
100,2000-04-10,00:00:00.00,2.99488,0.971223,0,0,1.3819,0,78.9789,0,159.935,116.393,0,-39.6684,4.66015,4.75647,0.916088,327.353,216.817,108.778,-1.98952e-13
101,2000-04-11,00:00:00.00,1.02166,0.57537,0,0,1.52947,0,80.2559,0,159.549,118.212,0,-40.6601,4.51189,2.02157,0.618953,326.039,218.414,111.689,-9.9476e-14
102,2000-04-12,00:00:00.00,4.77483,1.67039,0,0,1.50587,0,81.8043,0,160.574,118.193,0,-41.6512,5.28507,3.14656,0.591418,329.449,224.859,114.724,-2.13163e-13
103,2000-04-13,00:00:00.00,0,0,0,0,1.43977,0,82.9074,0,159.632,117.899,0,-42.6332,4.55268,2.29465,0.410829,326.503,224.859,117.67,-1.84741e-13
104,2000-04-14,00:00:00.00,0,0,0,0,1.42713,0,84.9335,0,157.675,118.157,0,-43.6232,3.94612,0.840171,0.280606,323.636,224.859,120.537,-1.56319e-13
105,2000-04-15,00:00:00.00,0,0,0,0,1.35135,0,88.1032,0,154.528,117.105,0,-44.5806,3.43785,0.731207,0.181877,320.858,224.859,123.315,-8.52651e-14
106,2000-04-16,00:00:00.00,0,0,0,0,1.26939,0,90.7765,0,151.84,116.051,0,-45.5062,3.00779,0.665944,0.132112,318.237,224.859,125.936,-1.84741e-13
107,2000-04-17,00:00:00.00,0.056154,0,0,0,1.20049,0,92.0565,0,150.557,115.029,0,-46.4019,2.64098,0.625578,0.114709,315.823,224.916,128.406,-2.27374e-13
108,2000-04-18,00:00:00.00,2.60078,0,0,0,1.14895,0,93.8054,0,150.607,114.084,0,-47.2706,2.32597,1.19768,0.177008,316.075,227.516,130.755,-1.13687e-13
109,2000-04-19,00:00:00.00,0,0,0,0,1.11519,0,95.9239,0,148.365,113.319,0,-48.1178,2.05388,0.989473,0.16204,313.81,227.516,133.02,-1.98952e-13
110,2000-04-20,00:00:00.00,0,0,0,0,1.09524,0,98.1306,0,146.029,112.786,0,-48.9504,1.8177,0.557468,0.134514,311.6,227.516,135.23,-1.13687e-13
111,2000-04-21,00:00:00.00,16.2963,0,0,0,1.08451,0,100.64,0,152.179,112.305,0,-49.7699,1.61182,6.83308,0.832375,325.717,243.813,137.41,-1.7053e-13
112,2000-04-22,00:00:00.00,1.57661,0,0,0,1.16588,0,102.361,0,151.732,113.285,0,-50.6163,1.43167,4.96192,0.721625,325.043,245.389,139.66,-1.7053e-13
113,2000-04-23,00:00:00.00,1.10508,0,0,0,1.37335,0,103.986,0,150.939,116.312,0,-51.5497,1.27354,0.78458,0.489727,323.609,246.494,142.199,-1.13687e-13
114,2000-04-24,00:00:00.00,0,0,0,0,1.32933,0,105.769,0,148.893,115.39,0,-52.4559,1.13435,0.59841,0.248465,320.906,246.494,144.902,-8.52651e-14
115,2000-04-25,00:00:00.00,0,0,0,0,1.21686,0,107.52,0,146.888,114.369,0,-53.3326,1.01152,0.558518,0.128412,318.36,246.494,147.448,-1.42109e-13
116,2000-04-26,00:00:00.00,0,0,0,0,1.12531,0,109.071,0,145.092,113.389,0,-54.1818,0.902902,0.523601,0.0955789,316.018,246.494,149.79,-1.98952e-13
117,2000-04-27,00:00:00.00,0,0,0,0,1.06738,0,110.747,0,143.182,112.447,0,-55.0052,0.806661,0.490837,0.0894297,313.825,246.494,151.983,-8.52651e-14
118,2000-04-28,00:00:00.00,0,0,0,0,1.02568,0,112.599,0,141.107,111.542,0,-55.8044,0.721245,0.457506,0.0835404,311.732,246.494,154.076,-2.84217e-14
119,2000-04-29,00:00:00.00,0,0,0,0,0.98676,0,114.809,0,138.692,110.668,0,-56.5807,0.645324,0.422004,0.0774638,309.719,246.494,156.089,0
120,2000-04-30,00:00:00.00,0,0,0,0,0.950179,0,116.792,0,136.515,109.822,0,-57.3353,0.577752,0.388628,0.0715781,307.782,246.494,158.026,-2.84217e-14
121,2000-05-01,00:00:00.00,1.99685,0,0,0,0.915703,0,119.498,0,135.615,109.001,0,-58.0695,0.51754,0.368516,0.0671606,307.913,248.491,159.891,-2.84217e-14
122,2000-05-02,00:00:00.00,4.92155,0,0,0,0.886466,0,122.612,0,136.4,108.253,0,-58.7853,0.463831,1.05829,0.144622,311.033,253.413,161.694,8.52651e-14
123,2000-05-03,00:00:00.00,0,0,0,0,0.869124,0,124.918,0,133.906,107.699,0,-59.4878,0.415877,0.827871,0.130123,309.277,253.413,163.449,-8.52651e-14
124,2000-05-04,00:00:00.00,0,0,0,0,0.864144,0,127.754,0,130.901,107.4,0,-60.1832,0.373027,0.334252,0.100414,307.544,253.413,165.183,-8.52651e-14
125,2000-05-05,00:00:00.00,0.892439,0,0,0,0.836935,0,131.522,0,127.877,106.673,0,-60.8615,0.334709,0.284776,0.068773,306.735,254.305,166.884,2.84217e-14
126,2000-05-06,00:00:00.00,0,0,0,0,0.802826,0,135.247,0,124.025,105.945,0,-61.523,0.30042,0.248296,0.0500375,305.095,254.305,168.523,-5.68434e-14
127,2000-05-07,00:00:00.00,0,0,0,0,0.771654,0,138.987,0,120.178,105.229,0,-62.1684,0.269719,0.212586,0.040928,303.521,254.305,170.098,-1.13687e-13
128,2000-05-08,00:00:00.00,0,0,0,0,0.744806,0,142.72,0,116.356,104.524,0,-62.7981,0.242216,0.181145,0.0351131,302.005,254.305,171.614,-8.52651e-14
129,2000-05-09,00:00:00.00,0,0,0,0,0.72044,0,146.468,0,112.533,103.829,0,-63.4128,0.217567,0.153619,0.0298945,300.539,254.305,173.08,-8.52651e-14
130,2000-05-10,00:00:00.00,4.54832,0,0,0,0.697899,0,150.364,0,112.905,103.159,0,-64.0131,0.195464,0.315635,0.046675,303.669,258.854,174.498,-1.13687e-13
131,2000-05-11,00:00:00.00,2.64552,0,0,0,0.678818,0,153.34,0,112.495,102.546,0,-64.6005,0.175639,0.261172,0.0422692,304.938,261.499,175.875,-1.98952e-13
132,2000-05-12,00:00:00.00,22.9344,0,0,0,0.684508,0,157.3,0,124.955,102.366,0,-65.1842,0.15785,5.57107,0.658461,326.509,284.433,177.238,-8.52651e-14
133,2000-05-13,00:00:00.00,26.6153,0,0,0,0.783631,0,162.004,0,137.619,103.859,0,-65.7995,0.141883,11.6024,1.44534,351.656,311.049,178.706,-5.68434e-14
134,2000-05-14,00:00:00.00,7.11406,0,0,0,1.07883,0,165.195,0,139.474,109.022,0,-66.5342,0.127548,7.24606,1.2994,356.908,318.163,180.569,-1.13687e-13
135,2000-05-15,00:00:00.00,0.949004,0,0,0,1.36591,0,167.657,0,137.702,113.564,0,-67.3882,0.114674,1.60336,0.793676,355.412,319.112,183.013,-1.42109e-13
136,2000-05-16,00:00:00.00,0,0,0,0,1.33682,0,169.966,0,135.156,113.637,0,-68.2443,0.103111,0.403913,0.350586,352.709,319.112,185.716,-5.68434e-14
137,2000-05-17,00:00:00.00,0.17071,0,0,0,1.17815,0,173.088,0,131.996,112.621,0,-69.0724,0.0927222,0.333981,0.127651,350.365,319.283,188.231,-1.42109e-13
138,2000-05-18,00:00:00.00,3.28911,0,0,0,1.05315,0,176.621,0,131.545,111.616,0,-69.8735,0.0833872,0.314312,0.0641712,351.423,322.572,190.462,-1.13687e-13
139,2000-05-19,00:00:00.00,7.09488,0,0,0,0.991457,0,179.135,0,133.978,110.755,0,-70.6521,0.0749978,1.94707,0.24338,356.473,329.667,192.507,-5.68434e-14
140,2000-05-20,00:00:00.00,9.37683,0,0,0,0.992569,0,181.53,0,137.523,110.49,0,-71.4238,0.0674569,4.15923,0.526916,363.866,339.043,194.491,0
141,2000-05-21,00:00:00.00,0.497207,0,0,0,1.06684,0,183.999,0,135.309,111.419,0,-72.2197,0.060678,2.24642,0.422124,362.304,339.541,196.55,-2.27374e-13
142,2000-05-22,00:00:00.00,0,0,0,0,1.12987,0,186.494,0,132.596,112.215,0,-73.0368,0.0545833,0.395914,0.259401,360.107,339.541,198.747,-1.13687e-13
143,2000-05-23,00:00:00.00,1.31177,0,0,0,1.07435,0,189.435,0,130.762,111.288,0,-73.8293,0.0491033,0.31189,0.124187,359.215,340.852,200.951,-8.52651e-14
144,2000-05-24,00:00:00.00,13.3871,0,0,0,1.01031,0,193.716,0,135.779,110.549,0,-74.6025,0.0441753,3.57802,0.442078,370.517,354.239,203.036,-1.98952e-13
145,2000-05-25,00:00:00.00,5.02997,0,0,0,1.01529,0,196.936,0,136.536,110.648,0,-75.3783,0.0397436,3.27016,0.454886,373.521,359.269,205.062,-8.52651e-14
146,2000-05-26,00:00:00.00,0,0,0,0,1.10521,0,199.509,0,133.732,112.001,0,-76.1896,0.0357577,0.885187,0.323262,371.401,359.269,207.182,-2.27374e-13
147,2000-05-27,00:00:00.00,0,0,0,0,1.09305,0,202.144,0,130.89,111.528,0,-76.9884,0.0321726,0.332971,0.171727,369.203,359.269,209.38,-1.42109e-13
148,2000-05-28,00:00:00.00,0,0,0,0,1.02045,0,204.582,0,128.264,110.587,0,-77.7626,0.0289478,0.287115,0.0822249,367.089,359.269,211.494,-1.42109e-13
149,2000-05-29,00:00:00.00,0,0,0,0,0.951824,0,207.313,0,125.367,109.665,0,-78.5133,0.0260469,0.25748,0.0510475,365.117,359.269,213.466,-1.42109e-13
150,2000-05-30,00:00:00.00,0,0,0,0,0.903343,0,210.338,0,122.195,108.774,0,-79.2419,0.0234372,0.22789,0.0429581,363.262,359.269,215.321,-2.55795e-13
151,2000-05-31,00:00:00.00,4.3217,0,0,0,0.867263,0,214.662,0,122.046,107.911,0,-79.9495,0.0210895,0.214882,0.0396645,365.813,363.591,217.092,-1.13687e-13
152,2000-06-01,00:00:00.00,0.056154,0,0,0,0.834908,0,218.26,0,118.379,107.079,0,-80.6373,0.0189773,0.196233,0.0360453,364.167,363.647,218.794,-1.98952e-13
153,2000-06-02,00:00:00.00,3.46381,0,0,0,0.804914,0,222.426,0,117.556,106.28,0,-81.3065,0.0170769,0.180318,0.0333848,365.991,367.111,220.434,-1.42109e-13
154,2000-06-03,00:00:00.00,0,0,0,0,0.776727,0,225.17,0,114.705,105.505,0,-81.958,0.0153671,0.165393,0.0304826,364.409,367.111,222.015,-1.42109e-13
155,2000-06-04,00:00:00.00,0,0,0,0,0.750301,0,227.73,0,112.049,104.757,0,-82.5929,0.0138287,0.146897,0.0275213,362.882,367.111,223.542,-1.42109e-13
156,2000-06-05,00:00:00.00,0,0,0,0,0.725314,0,230.074,0,109.62,104.031,0,-83.2119,0.0124444,0.131172,0.0246733,361.407,367.111,225.018,-8.52651e-14
157,2000-06-06,00:00:00.00,3.02521,0,0,0,0.702209,0,232.84,0,109.635,103.334,0,-83.8159,0.0111988,0.259073,0.0383302,363.004,370.136,226.446,-1.7053e-13
158,2000-06-07,00:00:00.00,0.497207,0,0,0,0.682148,0,235.474,0,107.421,102.692,0,-84.4064,0.010078,0.209989,0.0344043,362.117,370.633,227.83,-1.7053e-13
159,2000-06-08,00:00:00.00,0.056154,0,0,0,0.665215,0,238.776,0,104.109,102.118,0,-84.985,0.0090695,0.106298,0.0274247,360.826,370.69,229.177,-1.13687e-13
160,2000-06-09,00:00:00.00,1.7482,0,0,0,0.645405,0,242.565,0,102.008,101.475,0,-85.5505,0.00816195,0.0912317,0.0202983,361.263,372.438,230.488,-2.55795e-13
161,2000-06-10,00:00:00.00,0,0,0,0,0.624989,0,246.147,0,98.3768,100.846,0,-86.1034,0.00734527,0.0787977,0.0156182,359.993,372.438,231.758,-1.42109e-13
162,2000-06-11,00:00:00.00,3.7646,0,0,0,0.60587,0,250.741,0,97.5007,100.233,0,-86.6442,0.00661035,0.0710005,0.0134422,362.527,376.202,232.989,-1.13687e-13
163,2000-06-12,00:00:00.00,16.3564,0,0,0,0.59838,0,254.167,0,107.141,99.8129,0,-87.1768,0.00594899,2.80361,0.326562,377.679,392.559,234.193,-1.7053e-13
164,2000-06-13,00:00:00.00,11.5735,0,0,0,0.630603,0,258.033,0,112.546,100.176,0,-87.7165,0.00535384,3.85181,0.497256,388.023,404.132,235.422,-1.7053e-13
165,2000-06-14,00:00:00.00,26.618,0,0,0,0.744846,0,263.763,0,126.18,102.298,0,-88.2988,0.00481824,7.5137,1.06094,413.266,430.75,236.798,-1.42109e-13
166,2000-06-15,00:00:00.00,1.55783,0,0,0,0.885341,0,268.255,0,123.091,104.721,0,-88.9329,0.00433625,4.37899,0.791238,413.194,432.308,238.428,-2.55795e-13
167,2000-06-16,00:00:00.00,13.135,0,0,0,1.04461,0,273.654,0,127.754,108.038,0,-89.6435,0.00390249,2.81172,0.735482,424.399,445.443,240.358,-1.98952e-13
168,2000-06-17,00:00:00.00,1.28127,0,0,0,1.029,0,277.461,0,125.062,108.058,0,-90.3547,0.00351213,1.92638,0.421937,423.606,446.724,242.432,-3.41061e-13
169,2000-06-18,00:00:00.00,0.285265,0,0,0,1.00392,0,280.829,0,121.832,108.785,0,-91.0835,0.00316083,0.276474,0.21336,421.859,447.01,244.465,-2.27374e-13
170,2000-06-19,00:00:00.00,0.277942,0,0,0,0.927654,0,283.853,0,118.955,107.968,0,-91.7924,0.00284467,0.198455,0.0918797,420.205,447.288,246.396,-2.84217e-13
171,2000-06-20,00:00:00.00,0.114555,0,0,0,0.858482,0,287.496,0,115.315,107.127,0,-92.4814,0.00256014,0.172578,0.0431015,418.533,447.402,248.182,-3.41061e-13
172,2000-06-21,00:00:00.00,1.0265,0,0,0,0.810628,0,291.706,0,112.036,106.311,0,-93.1513,0.00230408,0.148682,0.0285859,417.891,448.429,249.851,-2.27374e-13
173,2000-06-22,00:00:00.00,8.09709,0,0,0,0.779716,0,296.702,0,114.092,105.569,0,-93.8043,0.00207363,0.939754,0.117884,424.398,456.526,251.442,-3.12639e-13
174,2000-06-23,00:00:00.00,0.497207,0,0,0,0.766039,0,300.08,0,111.118,105.04,0,-94.4454,0.00186624,0.686206,0.102437,423.349,457.023,252.988,-2.84217e-13
175,2000-06-24,00:00:00.00,0.93997,0,0,0,0.765314,0,303.766,0,108.291,104.803,0,-95.0813,0.00167959,0.141323,0.0710582,422.758,457.963,254.519,-2.84217e-13
176,2000-06-25,00:00:00.00,1.23146,0,0,0,0.740978,0,307.854,0,105.363,104.077,0,-95.7013,0.00151161,0.108922,0.0384022,422.483,459.194,256.025,-1.98952e-13
177,2000-06-26,00:00:00.00,3.61648,0,0,0,0.709066,0,312.477,0,104.29,103.357,0,-96.3058,0.00136043,0.0996588,0.0219974,424.649,462.811,257.475,-3.12639e-13
178,2000-06-27,00:00:00.00,6.32335,0,0,0,0.682093,0,317.32,0,105.313,102.68,0,-96.8961,0.00122438,0.424988,0.0552092,429.581,469.134,258.866,-1.98952e-13
179,2000-06-28,00:00:00.00,0,0,0,0,0.66442,0,320.289,0,102.283,102.105,0,-97.4744,0.00110193,0.317298,0.0484971,428.235,469.134,260.213,-3.12639e-13
180,2000-06-29,00:00:00.00,1.71159,0,0,0,0.653905,0,323.541,0,100.687,101.663,0,-98.0437,0.000991726,0.091482,0.0353026,428.628,470.846,261.531,-3.12639e-13
181,2000-06-30,00:00:00.00,9.10927,0,0,0,0.638657,0,328.001,0,104.114,101.092,0,-98.6015,0.000892546,1.06468,0.134997,436.445,479.955,262.824,-3.69482e-13
182,2000-07-01,00:00:00.00,0,0,0,0,0.632324,0,331.245,0,100.813,100.766,0,-99.1528,0.000803286,0.757785,0.111656,435.174,479.955,264.095,-1.98952e-13
183,2000-07-02,00:00:00.00,0,0,0,0,0.640158,0,334.66,0,97.3503,100.787,0,-99.7045,0.000722952,0.0953092,0.0729292,433.901,479.955,265.367,-3.69482e-13
184,2000-07-03,00:00:00.00,1.29138,0,0,0,0.622709,0,338.303,0,94.9561,100.193,0,-100.245,0.000650653,0.0644007,0.0342062,433.93,481.246,266.63,-8.52651e-14
185,2000-07-04,00:00:00.00,5.22704,0,0,0,0.596369,0,342.822,0,95.4486,99.6039,0,-100.773,0.000585585,0.207551,0.032237,437.938,486.474,267.849,-1.98952e-13
186,2000-07-05,00:00:00.00,0,0,0,0,0.575395,0,345.638,0,92.5954,99.0664,0,-101.292,0.000527024,0.157441,0.0246294,436.766,486.474,269.021,-2.55795e-13
187,2000-07-06,00:00:00.00,0,0,0,0,0.561821,0,348.218,0,89.9835,98.5958,0,-101.801,0.00047432,0.0526908,0.0181714,435.629,486.474,270.158,-3.12639e-13
188,2000-07-07,00:00:00.00,0,0,0,0,0.547102,0,350.728,0,87.4455,98.0453,0,-102.3,0.000426886,0.0429758,0.0114902,434.52,486.474,271.267,-4.26326e-13
189,2000-07-08,00:00:00.00,0,0,0,0,0.53142,0,353.277,0,84.8721,97.5057,0,-102.79,0.000384196,0.0371156,0.00774639,433.442,486.474,272.346,-3.12639e-13
190,2000-07-09,00:00:00.00,0.626684,0,0,0,0.516798,0,356.047,0,82.7078,96.9796,0,-103.27,0.000345775,0.0323239,0.0061987,433.02,487.1,273.394,-3.12639e-13
191,2000-07-10,00:00:00.00,2.10552,0,0,0,0.503521,0,359.511,0,81.3301,96.4669,0,-103.741,0.000311197,0.029122,0.00549621,434.105,489.206,274.414,-3.69482e-13
192,2000-07-11,00:00:00.00,0,0,0,0,0.491169,0,362.042,0,78.7821,95.9675,0,-104.203,0.000280077,0.0256642,0.00484102,433.111,489.206,275.409,-2.55795e-13
193,2000-07-12,00:00:00.00,0,0,0,0,0.479399,0,364.488,0,76.322,95.4811,0,-104.657,0.000252068,0.0219182,0.00421372,432.14,489.206,276.379,-1.98952e-13
194,2000-07-13,00:00:00.00,0,0,0,0,0.468144,0,367.056,0,73.742,95.0065,0,-105.103,0.000226861,0.0185671,0.00360809,431.192,489.206,277.327,-1.98952e-13
195,2000-07-14,00:00:00.00,1.48248,0,0,0,0.457366,0,370.166,0,72.1045,94.5434,0,-105.541,0.000204175,0.0161572,0.00311707,431.749,490.688,278.252,-3.69482e-13
196,2000-07-15,00:00:00.00,2.015,0,0,0,0.44705,0,373.639,0,70.636,94.0915,0,-105.971,0.000183757,0.0145035,0.00274173,432.86,492.703,279.157,-2.55795e-13
197,2000-07-16,00:00:00.00,3.87287,0,0,0,0.437193,0,377.767,0,70.3718,93.6509,0,-106.395,0.000165381,0.0137258,0.00252327,435.849,496.576,280.041,-2.55795e-13
198,2000-07-17,00:00:00.00,0.341419,0,0,0,0.427777,0,380.322,0,68.1502,93.2214,0,-106.811,0.000148843,0.0124239,0.00228813,435.325,496.917,280.906,-2.55795e-13
199,2000-07-18,00:00:00.00,0,0,0,0,0.418769,0,382.455,0,66.0108,92.8025,0,-107.221,0.000133958,0.01061,0.00202508,434.478,496.917,281.753,-1.98952e-13
200,2000-07-19,00:00:00.00,0,0,0,0,0.410116,0,384.336,0,64.1238,92.3933,0,-107.624,0.000120562,0.00911734,0.00175964,433.65,496.917,282.581,-2.55795e-13
201,2000-07-20,00:00:00.00,0,0,0,0,0.401794,0,386.132,0,62.3219,91.9934,0,-108.021,0.000108506,0.00789542,0.00151982,432.838,496.917,283.393,-8.52651e-14
202,2000-07-21,00:00:00.00,0.114555,0,0,0,0.393792,0,388.224,0,60.3405,91.6026,0,-108.413,9.76552e-05,0.0067754,0.00130629,432.157,497.032,284.189,-1.98952e-13
203,2000-07-22,00:00:00.00,1.40419,0,0,0,0.386102,0,390.716,0,59.2485,91.2207,0,-108.798,8.78896e-05,0.00599465,0.00114445,432.781,498.436,284.969,-1.98952e-13
204,2000-07-23,00:00:00.00,0,0,0,0,0.378707,0,392.485,0,57.4768,90.8472,0,-109.177,7.91006e-05,0.00528538,0.00100136,432.016,498.436,285.734,-8.52651e-14
205,2000-07-24,00:00:00.00,0,0,0,0,0.371595,0,394.347,0,55.6112,90.4821,0,-109.552,7.11905e-05,0.00451257,0.000867888,431.266,498.436,286.484,-8.52651e-14
206,2000-07-25,00:00:00.00,0,0,0,0,0.364745,0,396.252,0,53.704,90.1248,0,-109.921,6.40714e-05,0.0038073,0.000741313,430.53,498.436,287.22,-1.42109e-13
207,2000-07-26,00:00:00.00,0,0,0,0,0.358141,0,398.212,0,51.7423,89.7752,0,-110.285,5.76642e-05,0.00317824,0.000624305,429.807,498.436,287.943,-1.42109e-13
208,2000-07-27,00:00:00.00,0,0,0,0,0.351772,0,400.082,0,49.8702,89.4329,0,-110.644,5.18978e-05,0.00264168,0.000521586,429.097,498.436,288.653,-1.98952e-13
209,2000-07-28,00:00:00.00,0,0,0,0,0.345626,0,401.949,0,48.0019,89.0978,0,-110.998,4.6708e-05,0.0021892,0.000433366,428.399,498.436,289.351,-1.98952e-13
210,2000-07-29,00:00:00.00,11.1649,0,0,0,0.340717,0,406.664,0,54.0511,88.7917,0,-111.348,4.20372e-05,0.338767,0.0390547,438.878,509.601,290.037,-1.98952e-13
211,2000-07-30,00:00:00.00,0.285265,0,0,0,0.339098,0,408.74,0,52.2582,88.5728,0,-111.694,3.78334e-05,0.23417,0.0332581,438.483,509.886,290.717,-1.42109e-13
212,2000-07-31,00:00:00.00,3.80324,0,0,0,0.340681,0,412.97,0,51.8296,88.4753,0,-112.04,3.40501e-05,0.0101386,0.0208377,441.607,513.69,291.396,-2.55795e-13
213,2000-08-01,00:00:00.00,14.9793,0,0,0,0.337508,0,417.588,0,61.3851,88.2121,0,-112.381,3.06451e-05,0.680891,0.0858981,455.908,528.669,292.075,-2.55795e-13
214,2000-08-02,00:00:00.00,5.85183,0,0,0,0.337313,0,422.233,0,62.4719,88.1167,0,-112.722,2.75806e-05,0.568549,0.0794381,461.085,534.521,292.749,-1.98952e-13
215,2000-08-03,00:00:00.00,2.28212,0,0,0,0.345197,0,425.337,0,61.6454,88.2823,0,-113.065,2.48225e-05,0.0881225,0.0514777,462.685,536.803,293.432,-1.98952e-13
216,2000-08-04,00:00:00.00,18.72,0,0,0,0.345903,0,429.538,0,74.55,88.1405,0,-113.405,2.23402e-05,1.36605,0.178044,480.713,555.523,294.123,-2.84217e-13
217,2000-08-05,00:00:00.00,0,0,0,0,0.350472,0,431.711,0,72.3666,88.2527,0,-113.748,2.01062e-05,0.94507,0.139095,480.017,555.523,294.819,-2.27374e-13
218,2000-08-06,00:00:00.00,0.22911,0,0,0,0.368428,0,433.895,0,70.4018,88.832,0,-114.098,1.80956e-05,0.0431826,0.0846207,479.527,555.752,295.538,-2.84217e-13
219,2000-08-07,00:00:00.00,11.9758,0,0,0,0.364664,0,438.151,0,77.0782,88.6025,0,-114.445,1.6286e-05,0.885686,0.132875,490.77,567.728,296.271,-2.84217e-13
220,2000-08-08,00:00:00.00,0.056154,0,0,0,0.356208,0,440.883,0,74.3906,88.5586,0,-114.792,1.46574e-05,0.61574,0.0933879,490.105,567.784,296.992,-3.97904e-13
221,2000-08-09,00:00:00.00,3.64691,0,0,0,0.35996,0,444.988,0,73.9198,88.8184,0,-115.142,1.31917e-05,0.0360972,0.0556206,493.036,571.431,297.709,-2.84217e-13
222,2000-08-10,00:00:00.00,1.28445,0,0,0,0.352368,0,447.884,0,72.2982,88.5235,0,-115.488,1.18725e-05,0.0163319,0.0224062,493.608,572.715,298.421,-2.27374e-13
223,2000-08-11,00:00:00.00,0.741239,0,0,0,0.338318,0,450.321,0,70.5925,88.2161,0,-115.83,1.06853e-05,0.0145646,0.00635907,493.659,573.457,299.112,-2.27374e-13
224,2000-08-12,00:00:00.00,3.13788,0,0,0,0.326961,0,453.627,0,70.4149,87.9139,0,-116.168,9.61673e-06,0.0137356,0.00252935,496.131,576.594,299.777,-1.7053e-13
225,2000-08-13,00:00:00.00,1.16672,0,0,0,0.32001,0,456.191,0,69.0092,87.6171,0,-116.501,8.65506e-06,0.0128784,0.00234255,496.651,577.761,300.424,-1.13687e-13
226,2000-08-14,00:00:00.00,0,0,0,0,0.315043,0,458.286,0,66.9065,87.3258,0,-116.831,7.78955e-06,0.0113149,0.0021155,496.016,577.761,301.059,-2.84217e-13
227,2000-08-15,00:00:00.00,0.855794,0,0,0,0.310221,0,460.915,0,65.1267,87.0393,0,-117.157,7.0106e-06,0.0098072,0.00187219,496.246,578.617,301.684,0
228,2000-08-16,00:00:00.00,9.32737,0,0,0,0.306732,0,465.722,0,69.156,86.7844,0,-117.479,6.30954e-06,0.418245,0.0486845,504.957,587.944,302.301,5.68434e-14
229,2000-08-17,00:00:00.00,4.06371,0,0,0,0.307247,0,468.902,0,69.9297,86.638,0,-117.8,5.67858e-06,0.378126,0.0515811,508.407,592.008,302.915,-1.13687e-13
230,2000-08-18,00:00:00.00,0.17071,0,0,0,0.312161,0,470.706,0,68.2885,86.6575,0,-118.12,5.11072e-06,0.0796533,0.0350632,507.958,592.179,303.534,-5.68434e-14
231,2000-08-19,00:00:00.00,0.497207,0,0,0,0.309849,0,472.622,0,66.8622,86.4487,0,-118.438,4.59965e-06,0.0128483,0.0163025,507.833,592.676,304.156,0
232,2000-08-20,00:00:00.00,0,0,0,0,0.301534,0,474.041,0,65.4366,86.1805,0,-118.753,4.13969e-06,0.00991509,0.0054724,507.222,592.676,304.768,0
233,2000-08-21,00:00:00.00,0,0,0,0,0.293586,0,475.514,0,63.9576,85.9147,0,-119.064,3.72572e-06,0.00886988,0.00202325,506.627,592.676,305.363,-1.13687e-13
234,2000-08-22,00:00:00.00,0,0,0,0,0.28799,0,477.199,0,62.2676,85.6531,0,-119.372,3.35315e-06,0.00782699,0.00147812,506.045,592.676,305.945,0
235,2000-08-23,00:00:00.00,20.4324,0,0,0,0.288615,0,480.691,0,77.2135,85.5062,0,-119.678,3.01783e-06,1.68519,0.194041,525.901,613.108,306.521,-1.13687e-13
236,2000-08-24,00:00:00.00,5.69042,0,0,0,0.304797,0,484.393,0,78.8982,85.7823,0,-119.987,2.71605e-06,1.4127,0.193772,530.998,618.799,307.115,0
237,2000-08-25,00:00:00.00,0,0,0,0,0.337659,0,486.49,0,76.7864,86.6971,0,-120.308,2.44444e-06,0.224089,0.128196,530.355,618.799,307.757,0
238,2000-08-26,00:00:00.00,0,0,0,0,0.339864,0,488.595,0,74.669,86.6224,0,-120.628,2.2e-06,0.0246101,0.0555829,529.678,618.799,308.435,-5.68434e-14
239,2000-08-27,00:00:00.00,0,0,0,0,0.319185,0,490.644,0,72.6085,86.3595,0,-120.945,1.98e-06,0.0169295,0.0156454,529.019,618.799,309.094,-5.68434e-14
240,2000-08-28,00:00:00.00,0,0,0,0,0.300811,0,492.663,0,70.5806,86.0949,0,-121.259,1.782e-06,0.0147046,0.00383523,528.399,618.799,309.714,0
241,2000-08-29,00:00:00.00,0,0,0,0,0.291403,0,494.809,0,68.4261,85.8338,0,-121.569,1.6038e-06,0.0126694,0.00243638,527.807,618.799,310.306,1.13687e-13
242,2000-08-30,00:00:00.00,0,0,0,0,0.286782,0,496.98,0,66.2483,85.5761,0,-121.875,1.44342e-06,0.0108124,0.00209179,527.228,618.799,310.884,0
243,2000-08-31,00:00:00.00,0,0,0,0,0.282777,0,499.064,0,64.1578,85.3219,0,-122.179,1.29908e-06,0.00920555,0.00178742,526.659,618.799,311.454,1.13687e-13
244,2000-09-01,00:00:00.00,0,0,0,0,0.278877,0,501.162,0,62.0549,85.0711,0,-122.479,1.16917e-06,0.00781466,0.00152046,526.097,618.799,312.015,2.27374e-13
245,2000-09-02,00:00:00.00,0,0,0,0,0.275079,0,503.162,0,60.0511,84.8239,0,-122.777,1.05225e-06,0.00662473,0.00129098,525.543,618.799,312.569,0
246,2000-09-03,00:00:00.00,0.32191,0,0,0,0.271382,0,504.991,0,58.5405,84.5802,0,-123.071,9.47027e-07,0.00573602,0.00110852,525.319,619.121,313.116,2.27374e-13
247,2000-09-04,00:00:00.00,0.626684,0,0,0,0.267785,0,506.682,0,57.4721,84.34,0,-123.362,8.52324e-07,0.00514729,0.000974779,525.406,619.747,313.655,2.84217e-13
248,2000-09-05,00:00:00.00,0,0,0,0,0.264288,0,507.714,0,56.4376,84.1034,0,-123.65,7.67092e-07,0.00469532,0.000875108,524.874,619.747,314.187,1.7053e-13
249,2000-09-06,00:00:00.00,0,0,0,0,0.260889,0,508.772,0,55.376,83.8705,0,-123.936,6.90383e-07,0.00427763,0.000793969,524.349,619.747,314.712,3.97904e-13
250,2000-09-07,00:00:00.00,0,0,0,0,0.257581,0,510.023,0,54.1223,83.6412,0,-124.219,6.21344e-07,0.00384807,0.000717591,523.831,619.747,315.23,2.84217e-13
251,2000-09-08,00:00:00.00,0,0,0,0,0.254358,0,511.478,0,52.6651,83.4152,0,-124.499,5.5921e-07,0.00339121,0.000639646,523.319,619.747,315.742,-1.13687e-13
252,2000-09-09,00:00:00.00,2.06327,0,0,0,0.251215,0,514.109,0,52.096,83.1926,0,-124.776,5.03289e-07,0.00309911,0.000579561,524.876,621.811,316.248,2.84217e-13
253,2000-09-10,00:00:00.00,1.09979,0,0,0,0.24815,0,516.223,0,51.0795,82.9733,0,-125.051,4.5296e-07,0.00285938,0.000527533,525.477,622.91,316.747,5.68434e-14
254,2000-09-11,00:00:00.00,3.26852,0,0,0,0.245216,0,519.425,0,51.1214,82.7586,0,-125.323,4.07664e-07,0.021958,0.00270478,528.252,626.179,317.241,1.7053e-13
255,2000-09-12,00:00:00.00,5.06696,0,0,0,0.242677,0,523.4,0,52.1427,82.5556,0,-125.593,3.66898e-07,0.0742673,0.00905481,532.831,631.246,317.729,2.84217e-13
256,2000-09-13,00:00:00.00,10.5589,0,0,0,0.242117,0,526.46,0,59.0871,82.4072,0,-125.861,3.30208e-07,0.50883,0.0607943,542.905,641.805,318.213,4.54747e-13
257,2000-09-14,00:00:00.00,1.9407,0,0,0,0.245532,0,528.731,0,58.7527,82.3817,0,-126.129,2.97187e-07,0.325724,0.0500084,544.358,643.745,318.701,2.84217e-13
258,2000-09-15,00:00:00.00,5.80414,0,0,0,0.252011,0,531.108,0,61.8774,82.4986,0,-126.398,2.67468e-07,0.267407,0.059305,549.665,649.55,319.199,3.41061e-13
259,2000-09-16,00:00:00.00,4.06365,0,0,0,0.252059,0,533.398,0,63.4808,82.388,0,-126.666,2.40722e-07,0.319502,0.0523159,553.224,653.613,319.703,1.13687e-13
260,2000-09-17,00:00:00.00,0,0,0,0,0.250494,0,534.579,0,62.2944,82.3913,0,-126.934,2.16649e-07,0.108705,0.0319929,552.722,653.613,320.205,2.84217e-13
261,2000-09-18,00:00:00.00,0,0,0,0,0.247208,0,535.912,0,60.9572,82.2838,0,-127.201,1.94984e-07,0.00991239,0.0152979,552.224,653.613,320.703,2.27374e-13
262,2000-09-19,00:00:00.00,0,0,0,0,0.241147,0,537.312,0,59.5528,82.0837,0,-127.466,1.75486e-07,0.00621411,0.00532915,551.736,653.613,321.191,1.13687e-13
263,2000-09-20,00:00:00.00,1.14106,0,0,0,0.23534,0,539.428,0,58.5739,81.8833,0,-127.728,1.57937e-07,0.00563634,0.00163755,552.4,654.754,321.668,1.13687e-13
264,2000-09-21,00:00:00.00,4.90715,0,0,0,0.231393,0,543.443,0,59.3888,81.6895,0,-127.988,1.42144e-07,0.0676553,0.00813402,556.841,659.661,322.134,1.13687e-13
265,2000-09-22,00:00:00.00,2.9409,0,0,0,0.229352,0,545.693,0,60.0172,81.5167,0,-128.246,1.27929e-07,0.0977991,0.0127204,559.321,662.602,322.595,0
266,2000-09-23,00:00:00.00,25.6802,0,0,0,0.234714,0,548.53,0,80.157,81.5306,0,-128.504,1.15136e-07,2.3174,0.270984,584.537,688.283,323.059,2.27374e-13
267,2000-09-24,00:00:00.00,16.6137,0,0,0,0.263756,0,550.829,0,91.9192,82.2144,0,-128.77,1.03623e-07,3.72153,0.474139,600.652,704.896,323.558,1.13687e-13
268,2000-09-25,00:00:00.00,0,0,0,0,0.327566,0,551.902,0,90.8127,84.1682,0,-129.059,9.32605e-08,1.55722,0.352439,600.061,704.896,324.149,3.41061e-13
269,2000-09-26,00:00:00.00,3.70993,0,0,0,0.368467,0,554.014,0,92.0577,85.4171,0,-129.364,8.39344e-08,0.362596,0.218343,603.075,708.606,324.845,1.7053e-13
270,2000-09-27,00:00:00.00,0.911949,0,0,0,0.347228,0,555.665,0,91.2844,85.3156,0,-129.667,7.5541e-08,0.234244,0.091818,603.271,709.518,325.561,1.7053e-13
271,2000-09-28,00:00:00.00,0.771755,0,0,0,0.31217,0,556.743,0,90.9439,85.2652,0,-129.97,6.79869e-08,0.0551328,0.0337962,603.383,710.29,326.22,3.41061e-13
272,2000-09-29,00:00:00.00,0,0,0,0,0.28938,0,557.646,0,90.0083,85.0456,0,-130.27,6.11882e-08,0.0476193,0.0144754,602.782,710.29,326.822,1.7053e-13
273,2000-09-30,00:00:00.00,0,0,0,0,0.27888,0,558.928,0,88.6962,84.8234,0,-130.567,5.50694e-08,0.0446814,0.00920367,602.213,710.29,327.39,2.27374e-13
274,2000-10-01,00:00:00.00,0,0,0,0,0.273649,0,560.412,0,87.1853,84.6032,0,-130.862,4.95624e-08,0.0412366,0.00755229,601.661,710.29,327.943,1.7053e-13
275,2000-10-02,00:00:00.00,0,0,0,0,0.269758,0,561.907,0,85.6648,84.3847,0,-131.154,4.46062e-08,0.0378026,0.00697205,601.118,710.29,328.486,2.84217e-13
276,2000-10-03,00:00:00.00,0,0,0,0,0.266463,0,563.317,0,84.2318,84.1678,0,-131.443,4.01456e-08,0.0346892,0.00640787,600.581,710.29,329.022,3.41061e-13
277,2000-10-04,00:00:00.00,2.61146,0,0,0,0.263579,0,565.066,0,84.9202,83.961,0,-131.729,3.6131e-08,0.160211,0.0206223,602.663,712.901,329.552,3.97904e-13
278,2000-10-05,00:00:00.00,2.50391,0,0,0,0.262289,0,566.49,0,85.7886,83.7975,0,-132.014,3.25179e-08,0.27962,0.0365301,604.641,715.405,330.078,5.68434e-13
279,2000-10-06,00:00:00.00,10.6286,0,0,0,0.267682,0,567.8,0,93.295,83.8187,0,-132.299,2.92661e-08,1.65469,0.202347,614.739,726.034,330.608,3.41061e-13
280,2000-10-07,00:00:00.00,8.98529,0,0,0,0.288819,0,569.241,0,99.1313,84.2724,0,-132.589,2.63395e-08,2.49501,0.32856,623.168,735.019,331.165,6.82121e-13
281,2000-10-08,00:00:00.00,3.79223,0,0,0,0.331889,0,570.602,0,100.929,85.516,0,-132.895,2.37056e-08,1.55714,0.29881,626.34,738.811,331.785,2.84217e-13
282,2000-10-09,00:00:00.00,0,0,0,0,0.361685,0,571.204,0,100.272,86.3969,0,-133.213,2.1335e-08,0.4449,0.179522,625.646,738.811,332.479,2.84217e-13
283,2000-10-10,00:00:00.00,0.569746,0,0,0,0.353305,0,572.105,0,99.8861,86.5178,0,-133.531,1.92015e-08,0.0894331,0.0808018,625.501,739.381,333.194,2.27374e-13
284,2000-10-11,00:00:00.00,1.20465,0,0,0,0.32551,0,573.546,0,99.5956,86.2984,0,-133.847,1.72814e-08,0.0777934,0.0305088,626.027,740.586,333.873,2.84217e-13
285,2000-10-12,00:00:00.00,0,0,0,0,0.304157,0,574.669,0,98.4222,86.072,0,-134.161,1.55532e-08,0.0747121,0.0153739,625.397,740.586,334.502,3.97904e-13
286,2000-10-13,00:00:00.00,0,0,0,0,0.294225,0,575.911,0,97.1329,85.8483,0,-134.471,1.39979e-08,0.0701836,0.0126992,624.799,740.586,335.101,3.97904e-13
287,2000-10-14,00:00:00.00,0,0,0,0,0.289618,0,577.343,0,95.6572,85.6259,0,-134.778,1.25981e-08,0.0653125,0.0119186,624.215,740.586,335.685,3.97904e-13
288,2000-10-15,00:00:00.00,0.22911,0,0,0,0.286047,0,578.624,0,94.5635,85.4046,0,-135.083,1.13383e-08,0.0611635,0.0111685,623.868,740.815,336.26,2.84217e-13
289,2000-10-16,00:00:00.00,11.2624,0,0,0,0.288373,0,579.839,0,102.154,85.3189,0,-135.386,1.02045e-08,2.09698,0.244677,634.556,752.077,336.835,5.11591e-13
290,2000-10-17,00:00:00.00,0.334097,0,0,0,0.308465,0,581.052,0,101.218,85.7251,0,-135.695,9.18402e-09,1.47456,0.210737,634.294,752.411,337.431,3.97904e-13
291,2000-10-18,00:00:00.00,8.54225,0,0,0,0.350931,0,582.504,0,106.414,86.9373,0,-136.019,8.26562e-09,1.67491,0.314425,642.176,760.954,338.091,4.54747e-13
292,2000-10-19,00:00:00.00,0,0,0,0,0.367513,0,583.503,0,105.344,87.2197,0,-136.347,7.43906e-09,1.15911,0.212072,641.458,760.954,338.809,5.68434e-13
293,2000-10-20,00:00:00.00,0,0,0,0,0.376002,0,584.632,0,104.148,87.9944,0,-136.686,6.69515e-09,0.131702,0.118699,640.714,760.954,339.553,4.54747e-13
294,2000-10-21,00:00:00.00,0,0,0,0,0.359182,0,585.806,0,102.911,87.7807,0,-137.022,6.02564e-09,0.0934717,0.0512207,639.979,760.954,340.288,5.11591e-13
295,2000-10-22,00:00:00.00,0,0,0,0,0.335489,0,586.515,0,102.141,87.5361,0,-137.355,5.42307e-09,0.0891741,0.0225526,639.285,760.954,340.983,6.25278e-13
296,2000-10-23,00:00:00.00,0,0,0,0,0.320512,0,587.28,0,101.318,87.2933,0,-137.684,4.88076e-09,0.0857154,0.0154075,638.629,760.954,341.639,5.11591e-13
297,2000-10-24,00:00:00.00,0.056154,0,0,0,0.313132,0,588.087,0,100.511,87.0532,0,-138.01,4.39269e-09,0.0823385,0.0147774,638.051,761.01,342.272,5.11591e-13
298,2000-10-25,00:00:00.00,0,0,0,0,0.309071,0,589.321,0,99.2238,86.8156,0,-138.333,3.95342e-09,0.0780073,0.0140681,637.429,761.01,342.895,6.25278e-13
299,2000-10-26,00:00:00.00,0,0,0,0,0.305091,0,590.561,0,97.9342,86.5801,0,-138.652,3.55808e-09,0.0731186,0.0132858,636.815,761.01,343.509,5.11591e-13
300,2000-10-27,00:00:00.00,0,0,0,0,0.301161,0,591.777,0,96.6717,86.3461,0,-138.969,3.20227e-09,0.0685063,0.0124806,636.208,761.01,344.115,5.11591e-13
301,2000-10-28,00:00:00.00,0.497207,0,0,0,0.297283,0,592.887,0,96.0151,86.1136,0,-139.283,2.88204e-09,0.0653419,0.0118311,636.107,761.507,344.713,6.25278e-13
302,2000-10-29,00:00:00.00,0,0,0,0,0.293484,0,593.344,0,95.5148,85.8832,0,-139.593,2.59384e-09,0.0634157,0.0113586,635.516,761.507,345.304,6.25278e-13
303,2000-10-30,00:00:00.00,0,0,0,0,0.289798,0,593.788,0,95.0282,85.6558,0,-139.901,2.33445e-09,0.0617936,0.0110082,634.933,761.507,345.887,5.68434e-13
304,2000-10-31,00:00:00.00,0,0,0,0,0.286229,0,594.233,0,94.5412,85.4314,0,-140.206,2.10101e-09,0.0602285,0.0107146,634.357,761.507,346.463,5.68434e-13
305,2000-11-01,00:00:00.00,0,0,0,0,0.282761,0,594.755,0,93.9796,85.21,0,-140.508,1.89091e-09,0.0585607,0.0104253,633.788,761.507,347.032,5.68434e-13
306,2000-11-02,00:00:00.00,0,0,0,0,0.279375,0,595.395,0,93.3004,84.9915,0,-140.807,1.70182e-09,0.0566313,0.0101073,633.226,761.507,347.595,4.54747e-13
307,2000-11-03,00:00:00.00,0.114555,0,0,0,0.27606,0,596.061,0,92.712,84.7757,0,-141.104,1.53164e-09,0.0547634,0.00978685,632.785,761.622,348.15,5.68434e-13
308,2000-11-04,00:00:00.00,1.04823,0,0,0,0.272838,0,597.056,0,92.7168,84.563,0,-141.398,1.37847e-09,0.0631826,0.0106381,633.284,762.67,348.699,5.11591e-13
309,2000-11-05,00:00:00.00,0.321825,0.0195938,0,0,0.269774,0,597.576,0,92.4832,84.3555,0,-141.689,0.0176316,0.0599157,0.010342,633.083,763.011,349.242,3.97904e-13
310,2000-11-06,00:00:00.00,0,0,0,0,0.266878,0,597.949,0,92.0761,84.1544,0,-141.978,0.0158662,0.0528742,0.00985959,632.547,763.011,349.778,3.97904e-13
311,2000-11-07,00:00:00.00,0,0,0,0,0.26389,0,598.386,0,91.6052,83.9504,0,-142.265,0.0142777,0.0514294,0.00932838,632.016,763.011,350.309,1.7053e-13
312,2000-11-08,00:00:00.00,0,0,0,0,0.260864,0,599.155,0,90.8044,83.7488,0,-142.549,0.0128485,0.0496035,0.00888978,631.491,763.011,350.834,2.84217e-13
313,2000-11-09,00:00:00.00,1.38506,0,0,0,0.25799,0,600.377,0,90.9021,83.5513,0,-142.831,0.0115624,0.0763071,0.0118326,632.357,764.396,351.353,2.27374e-13
314,2000-11-10,00:00:00.00,9.32945,0,0,0,0.25949,0,601.601,0,97.26,83.4583,0,-143.111,0.0104052,1.51371,0.177319,641.169,773.726,351.87,1.7053e-13
315,2000-11-11,00:00:00.00,1.78166,0,0,0,0.274066,0,602.286,0,98.0376,83.7414,0,-143.395,0.00936389,1.28546,0.178949,642.417,775.507,352.404,3.41061e-13
316,2000-11-12,00:00:00.00,0,0,0,0,0.301976,0,602.702,0,97.5734,84.5646,0,-143.689,0.00842686,0.25808,0.12158,641.841,775.507,352.98,3.41061e-13
317,2000-11-13,00:00:00.00,0.935501,0,0,0,0.304727,0,603.492,0,97.6382,84.5461,0,-143.983,0.00758365,0.102656,0.0614789,642.17,776.443,353.586,1.13687e-13
318,2000-11-14,00:00:00.00,1.74984,0,0,0,0.288418,0,604.36,0,98.2701,84.3703,0,-144.274,0.00682487,0.259664,0.0457029,643.327,778.193,354.179,3.41061e-13
319,2000-11-15,00:00:00.00,0,0,0,0,0.275647,0,604.738,0,97.8438,84.2437,0,-144.565,0.00614204,0.188251,0.0315808,642.763,778.193,354.744,1.13687e-13
320,2000-11-16,00:00:00.00,0,0,0,0,0.27152,0,605.116,0,97.4184,84.1609,0,-144.854,0.00552756,0.0734531,0.0231846,642.216,778.193,355.291,5.68434e-14
321,2000-11-17,00:00:00.00,0.22911,0,0,0,0.268085,0,605.538,0,97.1788,83.9708,0,-145.14,0.00497458,0.0687303,0.0160673,641.905,778.422,355.83,5.68434e-14
322,2000-11-18,00:00:00.00,0.202387,0.026723,0,0,0.263421,0,605.884,0,96.9909,83.7794,0,-145.425,0.0285205,0.0679847,0.0127121,641.603,778.651,356.362,1.13687e-13
323,2000-11-19,00:00:00.00,0,0,0,0,0.259445,0,606.088,0,96.7414,83.5907,0,-145.707,0.0285205,0.0672016,0.011853,641.08,778.651,356.885,0
324,2000-11-20,00:00:00.00,0.151895,0.0772149,0,0,0.256419,0,606.38,0,96.5545,83.4045,0,-145.987,0.105735,0.0664678,0.0117218,640.793,778.88,357.401,1.13687e-13
325,2000-11-21,00:00:00.00,0.238384,0.84652,0,0,0.253811,0,606.619,0,96.5087,83.2209,0,-146.265,0.952255,0.0661062,0.0116331,641.368,779.965,357.911,-1.13687e-13
326,2000-11-22,00:00:00.00,0,1.2602,0,0,0.251265,0,606.625,0,96.4566,83.0399,0,-146.54,2.21246,0.0659307,0.0115764,642.123,781.225,358.416,-5.68434e-14
327,2000-11-23,00:00:00.00,0,1.48245,0,0,0.248784,0,606.625,0,96.411,82.8616,0,-146.814,3.6949,0.065766,0.0115397,643.105,782.708,358.916,0
328,2000-11-24,00:00:00.00,0,0.114555,0,0,0.246365,0,606.625,0,96.3656,82.686,0,-147.085,3.80946,0.0656105,0.0115105,642.725,782.822,359.411,-5.68434e-14
329,2000-11-25,00:00:00.00,0.075727,0.094983,0,0,0.244003,0,606.815,0,96.2066,82.5129,0,-147.354,3.90444,0.0652305,0.0114571,642.405,782.993,359.901,-1.13687e-13
330,2000-11-26,00:00:00.00,12.0114,0,0,0,0.248138,0,607.359,0,104.856,82.4969,0,-147.624,3.90444,2.4043,0.280059,653.924,795.004,360.394,-5.68434e-14
331,2000-11-27,00:00:00.00,9.03435,0,0,0,0.27727,0,607.897,0,110.893,83.1804,0,-147.901,3.90444,3.70867,0.473157,662.433,804.039,360.919,-5.68434e-14
332,2000-11-28,00:00:00.00,0.22911,0,0,0,0.343288,0,608.419,0,110.949,85.1634,0,-148.202,3.40272,1.60509,0.361681,662.042,804.268,361.54,1.13687e-13
333,2000-11-29,00:00:00.00,1.42629,0,0,0,0.384977,0,608.942,0,111.791,86.3823,0,-148.52,2.97794,0.54261,0.238379,662.74,805.694,362.268,5.68434e-14
334,2000-11-30,00:00:00.00,1.77481,1.29704,0,0,0.367472,0,609.338,0,113.049,86.3977,0,-148.837,3.71408,0.859669,0.170187,665.059,808.766,363.02,-2.27374e-13
335,2000-12-01,00:00:00.00,0,0,0,0,0.341172,0,609.444,0,112.843,86.5743,0,-149.157,3.71408,0.488695,0.102145,664.351,808.766,363.729,0
336,2000-12-02,00:00:00.00,0,1.597,0,0,0.329231,0,609.446,0,112.741,86.711,0,-149.478,5.31108,0.154501,0.0624,665.277,810.363,364.399,2.27374e-13
337,2000-12-03,00:00:00.00,0,0,0,0,0.318785,0,609.446,0,112.642,86.5277,0,-149.797,5.31108,0.143448,0.0375316,664.629,810.363,365.047,2.27374e-13
338,2000-12-04,00:00:00.00,0,0,0,0,0.308446,0,609.535,0,112.454,86.3373,0,-150.114,5.31108,0.142487,0.0271041,664.002,810.363,365.675,2.27374e-13
339,2000-12-05,00:00:00.00,0.350246,0.827458,0,0,0.301307,0,609.885,0,112.356,86.1499,0,-150.428,6.13854,0.141636,0.0249056,664.57,811.541,366.284,1.7053e-13
340,2000-12-06,00:00:00.00,0,0.17071,0,0,0.297319,0,609.885,0,112.258,85.9654,0,-150.739,6.30925,0.141013,0.0247759,664.142,811.711,366.883,5.68434e-14
341,2000-12-07,00:00:00.00,0,0.285265,0,0,0.294429,0,609.885,0,112.161,85.7839,0,-151.049,6.59451,0.140401,0.0246608,663.835,811.997,367.475,1.7053e-13
342,2000-12-08,00:00:00.00,0,0.667917,0,0,0.291611,0,609.885,0,112.064,85.6053,0,-151.356,7.26243,0.139794,0.0245526,663.917,812.664,368.061,2.27374e-13
343,2000-12-09,00:00:00.00,0,0.056154,0,0,0.288861,0,609.885,0,111.968,85.4296,0,-151.661,7.31858,0.139192,0.0244466,663.393,812.721,368.641,3.97904e-13
344,2000-12-10,00:00:00.00,0,0,0,0,0.286176,0,609.904,0,111.853,85.2565,0,-151.963,7.31858,0.138525,0.0243335,662.818,812.721,369.216,3.41061e-13
345,2000-12-11,00:00:00.00,0.435469,0.0205052,0,0,0.283561,0,610.326,0,111.767,85.0864,0,-152.264,7.33909,0.141431,0.0246297,662.704,813.177,369.786,2.84217e-13
346,2000-12-12,00:00:00.00,2.41009,3.69975,0,0,0.282311,0,610.985,0,112.894,84.9492,0,-152.563,11.0388,0.585748,0.07568,668.248,819.286,370.352,1.7053e-13
347,2000-12-13,00:00:00.00,0,0.893633,0,0,0.284975,0,610.985,0,112.794,84.9229,0,-152.861,11.9325,0.447948,0.0682192,668.575,820.18,370.919,3.41061e-13
348,2000-12-14,00:00:00.00,0,14.9543,0,0,0.291321,0,611.035,0,112.645,85.051,0,-153.161,26.8868,0.152977,0.0518847,682.953,835.134,371.495,3.41061e-13
349,2000-12-15,00:00:00.00,0,0,0,0,0.289244,0,611.041,0,112.54,84.8966,0,-153.459,26.8868,0.142818,0.03498,682.372,835.134,372.076,1.7053e-13
350,2000-12-16,00:00:00.00,0,0,0,0,0.282415,0,611.203,0,112.281,84.7352,0,-153.756,26.8868,0.141578,0.0267619,681.8,835.134,372.648,2.84217e-13
351,2000-12-17,00:00:00.00,7.85266,1.34269,0,0,0.28212,0,612.168,0,116.904,84.6963,0,-154.051,28.2294,1.96768,0.234563,690.431,844.33,373.212,1.13687e-13
352,2000-12-18,00:00:00.00,0,0.64382,0,0,0.299727,0,612.229,0,116.725,85.0991,0,-154.352,28.8733,1.41461,0.204817,690.493,844.974,373.794,1.13687e-13
353,2000-12-19,00:00:00.00,0,0.114555,0,0,0.333958,0,612.262,0,116.573,86.1348,0,-154.666,28.9878,0.208911,0.138821,689.974,845.088,374.428,2.27374e-13
354,2000-12-20,00:00:00.00,0,0.341419,0,0,0.33319,0,612.262,0,116.456,86.006,0,-154.978,29.3292,0.169534,0.0702068,689.648,845.429,375.095,2.27374e-13
355,2000-12-21,00:00:00.00,0,0,0,0,0.312739,0,612.262,0,116.339,85.8413,0,-155.288,29.3292,0.168679,0.0372293,689.002,845.429,375.741,1.13687e-13
356,2000-12-22,00:00:00.00,0,0,0,0,0.297544,0,612.262,0,116.223,85.679,0,-155.596,29.3292,0.167835,0.0294935,688.392,845.429,376.351,1.13687e-13
357,2000-12-23,00:00:00.00,0,0,0,0,0.291233,0,612.262,0,116.107,85.5191,0,-155.902,29.3292,0.166999,0.0293421,687.803,845.429,376.94,1.13687e-13
358,2000-12-24,00:00:00.00,0,0.17071,0,0,0.288765,0,612.262,0,115.992,85.3616,0,-156.206,29.4999,0.16617,0.0291962,687.394,845.6,377.52,3.41061e-13
359,2000-12-25,00:00:00.00,0,0.39982,0,0,0.286352,0,612.262,0,115.878,85.2064,0,-156.508,29.8998,0.165349,0.0290515,687.219,846,378.095,2.84217e-13
360,2000-12-26,00:00:00.00,0,0.056154,0,0,0.283989,0,612.262,0,115.764,85.0534,0,-156.808,29.9559,0.164535,0.0289081,686.704,846.056,378.665,1.7053e-13
361,2000-12-27,00:00:00.00,0,0.72173,0,0,0.281676,0,612.262,0,115.65,84.9026,0,-157.107,30.6777,0.163728,0.028766,686.861,846.778,379.231,3.41061e-13
362,2000-12-28,00:00:00.00,0,0.892439,0,0,0.279409,0,612.262,0,115.537,84.7539,0,-157.403,31.5701,0.162928,0.0286251,687.192,847.67,379.792,2.27374e-13
363,2000-12-29,00:00:00.00,0,0.114555,0,0,0.277189,0,612.262,0,115.425,84.6072,0,-157.697,31.6846,0.162135,0.0284855,686.75,847.785,380.349,1.7053e-13
364,2000-12-30,00:00:00.00,0,1.63827,0,0,0.275012,0,612.262,0,115.313,84.4626,0,-157.99,33.3229,0.161349,0.0283471,687.836,849.423,380.901,3.41061e-13
365,2000-12-31,00:00:00.00,0,3.30078,0,0,0.272879,0,612.262,0,115.202,84.3199,0,-158.281,36.6237,0.16057,0.0282099,690.589,852.724,381.449,1.13687e-13
366,2001-01-01,00:00:00.00,0,1.31174,0,0,0.270788,0,612.262,0,115.092,84.1792,0,-158.57,37.9354,0.159797,0.0280739,691.357,854.036,381.992,0
