time [d],date,hour,day_angle, rain [mm/d], snow [mm/d], temp [C], temp_daily_min [C], temp_daily_max [C],temp_daily_ave [C],temp_monthly_min [C],temp_monthly_max [C], air dens. [kg/m3], air pres. [KPa], rel hum. [-], cloud cover [-], ET radiation [MJ/m2/d], SW radiation [MJ/m2/d], net SW radiation [MJ/m2/d], LW radiation [MJ/m2/d], wind vel. [m/s], PET [mm/d], OW PET [mm/d], daily correction [-], potential melt [mm/d]
0,2000-01-01,00:00:00.00,0.00858359,0.0530597,0.00309434,7.26482,-0.899816,15.4295,7.26482,-33333.3,-33333.3,1.22752,99.1936,0.5,0,11.9855,8.6733,6.07131,-6.86829,2,0.609101,1.1164,1,126.766
1,2000-01-02,00:00:00.00,0.00858359,0.0530597,0.00309434,7.26482,-0.899816,15.4295,7.26482,-33333.3,-33333.3,1.22752,99.1936,0.5,0,11.9855,8.6733,6.07131,-6.86829,2,0.609101,1.1164,1,126.766
2,2000-01-03,00:00:00.00,0.0257508,3.80124,0,8.53374,2.21471,14.8528,8.53374,-33333.3,-33333.3,1.22168,99.203,0.5,0,12.0407,8.67724,6.07407,-6.71602,2,0.675024,1.03662,1,148.908
3,2000-01-04,00:00:00.00,0.0429179,12.0067,0.94292,7.36562,-1.25548,15.9867,7.36562,-33333.3,-33333.3,1.22706,99.1944,0.5,0,12.1003,8.76012,6.13208,-6.8565,2,0.619648,1.16283,1,128.525
4,2000-01-05,00:00:00.00,0.0600851,0.0736968,0.534671,-3.03393,-7.03794,0.97008,-3.03393,-33333.3,-33333.3,1.27596,99.114,0.5,0,12.1645,9.0602,6.34214,-7.88173,2,0.0990166,0.46745,1,-52.94
5,2000-01-06,00:00:00.00,0.0772523,0,0,-1.04281,-6.07045,3.98482,-1.04281,-33333.3,-33333.3,1.26641,99.1299,0.5,0,12.2331,9.07638,6.35347,-7.69141,2,0.200367,0.597788,1,-18.1963
6,2000-01-07,00:00:00.00,0.0944195,0.116395,0.118176,-0.027187,-3.60929,3.55492,-0.027187,-33333.3,-33333.3,1.26157,99.1379,0.5,0,12.3061,9.1133,6.37931,-7.58549,2,0.253232,0.538363,1,-0.474394
7,2000-01-08,00:00:00.00,0.111587,0,0,0.056829,-5.59673,5.71039,0.056829,-33333.3,-33333.3,1.26117,99.1386,0.5,0,12.3836,9.17325,6.42128,-7.57798,2,0.259069,0.68382,1,0.991626
8,2000-01-09,00:00:00.00,0.128754,1.89163,0,2.8349,1.00291,4.66688,2.8349,-33333.3,-33333.3,1.2481,99.1601,0.5,0,12.4655,9.1733,6.42131,-7.3347,2,0.403955,0.452797,1,49.467
9,2000-01-10,00:00:00.00,0.145921,4.02742,0.453917,3.4598,-0.87895,7.79856,3.4598,-33333.3,-33333.3,1.24518,99.1649,0.5,0,12.5519,9.22578,6.45805,-7.27487,2,0.439096,0.722903,1,60.3711
10,2000-01-11,00:00:00.00,0.163088,2.09898,0,4.47025,1.2146,7.72591,4.47025,-33333.3,-33333.3,1.24047,99.1726,0.5,0,12.6427,9.2706,6.48942,-7.17405,2,0.494989,0.660712,1,78.0027
11,2000-01-12,00:00:00.00,0.180255,0,0,0.885687,-1.01224,2.78361,0.885687,-33333.3,-33333.3,1.25725,99.145,0.5,0,12.7378,9.437,6.6059,-7.50922,2,0.309882,0.426454,1,15.4546
12,2000-01-13,00:00:00.00,0.197422,0,8.00024,-5.541,-10.4476,-0.634372,-5.541,-33333.3,-33333.3,1.2881,99.0937,0.5,0,12.8373,9.64506,6.75154,-8.08995,2,0,0.453368,1,-96.6866
13,2000-01-14,00:00:00.00,0.21459,0,3.41527,-11.8229,-15.5729,-8.07288,-11.8229,-33333.3,-33333.3,1.31918,99.0412,0.5,0,12.9412,9.82009,6.87407,-8.46917,2,0,0.19481,1,-206.301
14,2000-01-15,00:00:00.00,0.231757,0,0,-6.821,-11.6415,-2.00046,-6.821,-33333.3,-33333.3,1.29435,99.0832,0.5,0,13.0495,9.83737,6.88616,-8.18329,2,0,0.409103,1,-119.022
15,2000-01-16,00:00:00.00,0.248924,0.0488333,0.121877,-3.6229,-12.09,4.84421,-3.6229,-33333.3,-33333.3,1.2788,99.1093,0.5,0,13.162,9.87211,6.91048,-7.93374,2,0.0748621,0.706165,1,-63.2171
16,2000-01-17,00:00:00.00,0.266091,0,0.989827,-13.7655,-16.8254,-10.7055,-13.7655,-33333.3,-33333.3,1.32901,99.0244,0.5,0,13.2789,10.1176,7.08229,-8.54834,2,0,0.121882,1,-240.198
17,2000-01-18,00:00:00.00,0.283258,0,0.388864,-14.1696,-17.7143,-10.6248,-14.1696,-33333.3,-33333.3,1.33108,99.0209,0.5,0,13.4,10.2208,7.15454,-8.5627,2,0,0.11912,1,-247.249
18,2000-01-19,00:00:00.00,0.300426,0,0.607175,-10.1324,-15.9533,-4.31161,-10.1324,-33333.3,-33333.3,1.31071,99.0556,0.5,0,13.5254,10.2725,7.19078,-8.38613,2,0,0.325408,1,-176.804
19,2000-01-20,00:00:00.00,0.317593,0,5.47332,-7.54092,-12.2148,-2.867,-7.54092,-33333.3,-33333.3,1.29788,99.0773,0.5,0,13.655,10.339,7.2373,-8.23206,2,0,0.393885,1,-131.584
20,2000-01-21,00:00:00.00,0.33476,0,4.62339,-14.2373,-18.0325,-10.4421,-14.2373,-33333.3,-33333.3,1.33142,99.0203,0.5,0,13.7888,10.5387,7.37707,-8.56503,2,0,0.124466,1,-248.431
21,2000-01-22,00:00:00.00,0.351927,0,0.057493,-15.5489,-19.6783,-11.4195,-15.5489,-33333.3,-33333.3,1.33815,99.0088,0.5,0,13.9267,10.6658,7.46605,-8.60637,2,0,0.0828549,1,-271.317
22,2000-01-23,00:00:00.00,0.369094,0,0,-10.614,-20.3902,-0.837707,-10.614,-33333.3,-33333.3,1.31312,99.0515,0.5,0,14.0688,10.7214,7.50495,-8.41116,2,0,0.411115,1,-185.206
23,2000-01-24,00:00:00.00,0.386261,0,0.32191,-7.61919,-15.1485,-0.089839,-7.61919,-33333.3,-33333.3,1.29827,99.0766,0.5,0,14.215,10.7947,7.55632,-8.23721,2,0,0.516462,1,-132.949
24,2000-01-25,00:00:00.00,0.403429,0,0.39982,-10.1797,-15.9038,-4.4556,-10.1797,-33333.3,-33333.3,1.31095,99.0552,0.5,0,14.3653,10.9567,7.66969,-8.38864,2,0,0.34062,1,-177.629
25,2000-01-26,00:00:00.00,0.420596,0,5.55843,-9.12286,-12.6258,-5.61993,-9.12286,-33333.3,-33333.3,1.30569,99.0641,0.5,0,14.5196,11.0665,7.74657,-8.33004,2,0,0.306674,1,-159.187
26,2000-01-27,00:00:00.00,0.437763,0,3.68739,-14.2085,-18.2813,-10.1357,-14.2085,-33333.3,-33333.3,1.33127,99.0206,0.5,0,14.6779,11.2652,7.88562,-8.56404,2,0,0.138362,1,-247.929
27,2000-01-28,00:00:00.00,0.45493,0,0.815723,-12.5904,-16.3564,-8.82436,-12.5904,-33333.3,-33333.3,1.32305,99.0346,0.5,0,14.8402,11.3777,7.96437,-8.50248,2,0,0.195126,1,-219.693
28,2000-01-29,00:00:00.00,0.472097,0,0,-11.9205,-20.658,-3.183,-11.9205,-33333.3,-33333.3,1.31967,99.0404,0.5,0,15.0064,11.5046,8.0532,-8.47355,2,0,0.339186,1,-208.004
29,2000-01-30,00:00:00.00,0.489264,0.290698,1.87687,-7.50641,-17.7642,2.75141,-7.50641,-33333.3,-33333.3,1.29771,99.0776,0.5,0,15.1764,11.5748,8.10235,-8.22978,2,0,0.650718,1,-130.981
30,2000-01-31,00:00:00.00,0.506432,0.925553,8.28777,-1.62355,-3.65531,0.408214,-1.62355,-33333.3,-33333.3,1.26919,99.1253,0.5,0,15.3503,11.595,8.11649,-7.74926,2,0.213716,0.460326,1,-28.3298
31,2000-02-01,00:00:00.00,0.523599,0,1.99685,-3.79119,-6.39855,-1.18382,-3.79119,-33333.3,-33333.3,1.27961,99.1079,0.5,0,15.5279,11.7882,8.25174,-7.94824,2,0.0773948,0.456819,1,-66.1535
32,2000-02-02,00:00:00.00,0.540766,0,1.33349,-8.05755,-10.7447,-5.37043,-8.05755,-33333.3,-33333.3,1.30043,99.073,0.5,0,15.7093,12.0189,8.41322,-8.26544,2,0,0.326285,1,-140.599
33,2000-02-03,00:00:00.00,0.557933,0,0.114555,-5.77762,-8.95701,-2.59823,-5.77762,-33333.3,-33333.3,1.28925,99.0918,0.5,0,15.8943,12.1272,8.48907,-8.10785,2,0,0.443133,1,-100.815
34,2000-02-04,00:00:00.00,0.5751,0,0.17071,-5.1768,-7.21904,-3.13455,-5.1768,-33333.3,-33333.3,1.28633,99.0967,0.5,0,16.083,12.2687,8.58808,-8.06181,2,0,0.377328,1,-90.3314
35,2000-02-05,00:00:00.00,0.592267,0,0.970349,-6.42085,-12.519,-0.322652,-6.42085,-33333.3,-33333.3,1.29239,99.0865,0.5,0,16.2752,12.4504,8.71527,-8.15503,2,0,0.594794,1,-112.039
36,2000-02-06,00:00:00.00,0.609435,0,0.497207,-5.9851,-11.4383,-0.5319,-5.9851,-33333.3,-33333.3,1.29026,99.0901,0.5,0,16.4709,12.6014,8.82097,-8.12331,2,0,0.591021,1,-104.436
37,2000-02-07,00:00:00.00,0.626602,0.00923067,0.219879,-6.09178,-12.7174,0.533886,-6.09178,-33333.3,-33333.3,1.29078,99.0892,0.5,0,16.6701,12.7661,8.93626,-8.13117,2,0,0.653392,1,-106.297
38,2000-02-08,00:00:00.00,0.643769,0,0,-10.8745,-19.4783,-2.27071,-10.8745,-33333.3,-33333.3,1.31442,99.0493,0.5,0,16.8727,13.0181,9.11267,-8.42424,2,0,0.445769,1,-189.752
39,2000-02-09,00:00:00.00,0.660936,0,0,-0.764015,-8.06204,6.53401,-0.764015,-33333.3,-33333.3,1.26508,99.1321,0.5,0,17.0786,12.9727,9.08087,-7.66294,2,0.298253,1.02224,1,-13.3315
40,2000-02-10,00:00:00.00,0.678103,0.174222,0.111043,0.578855,-2.03478,3.19249,0.578855,-33333.3,-33333.3,1.2587,99.1426,0.5,0,17.2877,13.1041,9.17289,-7.53504,2,0.397618,0.668048,1,10.1006
41,2000-02-11,00:00:00.00,0.695271,0.295336,2.14731,-3.39815,-7.88011,1.08381,-3.39815,-33333.3,-33333.3,1.27771,99.1111,0.5,0,17.5001,13.3831,9.36819,-7.91412,2,0.115572,0.693939,1,-59.2953
42,2000-02-12,00:00:00.00,0.712438,0,0,-9.05528,-13.693,-4.41757,-9.05528,-33333.3,-33333.3,1.30536,99.0647,0.5,0,17.7155,13.6788,9.57517,-8.32611,2,0,0.433891,1,-158.008
43,2000-02-13,00:00:00.00,0.729605,0.019104,0.210006,-5.15996,-11.3527,1.03274,-5.15996,-33333.3,-33333.3,1.28624,99.0969,0.5,0,17.934,13.7786,9.64504,-8.0605,2,0,0.733662,1,-90.0376
44,2000-02-14,00:00:00.00,0.746772,0,5.77659,-1.87208,-3.42155,-0.322601,-1.87208,-33333.3,-33333.3,1.27038,99.1233,0.5,0,18.1555,13.878,9.71459,-7.77343,2,0.234147,0.468155,1,-32.6664
45,2000-02-15,00:00:00.00,0.763939,0,4.85096,-3.60927,-7.06748,-0.151066,-3.60927,-33333.3,-33333.3,1.27873,99.1094,0.5,0,18.3799,14.1061,9.87427,-7.93256,2,0.105396,0.630817,1,-62.9793
46,2000-02-16,00:00:00.00,0.781106,0.101838,0.127272,-0.472137,-4.72512,3.78085,-0.472137,-33333.3,-33333.3,1.26369,99.1344,0.5,0,18.6072,14.2059,9.94411,-7.63264,2,0.347399,0.864771,1,-8.23846
47,2000-02-17,00:00:00.00,0.798274,0.397443,0.789635,-2.20044,-8.8607,4.45982,-2.20044,-33333.3,-33333.3,1.27195,99.1207,0.5,0,18.8371,14.4424,10.1097,-7.80481,2,0.21746,0.986284,1,-38.3961
48,2000-02-18,00:00:00.00,0.815441,0,1.82536,-4.98271,-8.08682,-1.8786,-4.98271,-33333.3,-33333.3,1.28538,99.0983,0.5,0,19.0698,14.7039,10.2927,-8.04653,2,0.00135956,0.560067,1,-86.9448
49,2000-02-19,00:00:00.00,0.832608,0,7.6669,-3.41526,-4.69273,-2.1378,-3.41526,-33333.3,-33333.3,1.2778,99.111,0.5,0,19.305,14.8571,10.4,-7.91562,2,0.126167,0.408203,1,-59.5939
50,2000-02-20,00:00:00.00,0.849775,0,0.22911,-2.60312,-4.91598,-0.290254,-2.60312,-33333.3,-33333.3,1.27389,99.1175,0.5,0,19.5428,15.0296,10.5207,-7.84246,2,0.193186,0.587415,1,-45.4225
51,2000-02-21,00:00:00.00,0.866942,0,0,0.717672,-1.86909,3.30443,0.717672,-33333.3,-33333.3,1.25805,99.1437,0.5,0,19.783,15.1249,10.5874,-7.52341,2,0.466528,0.766275,1,12.5229
52,2000-02-22,00:00:00.00,0.884109,0,0,6.23661,1.26816,11.2051,6.23661,-33333.3,-33333.3,1.23227,99.186,0.5,0,20.0255,15.1102,10.5771,-6.98545,2,0.928139,1.39539,1,108.824
53,2000-02-23,00:00:00.00,0.901277,0,0,9.10338,4.44707,13.7597,9.10338,-33333.3,-33333.3,1.21906,99.2072,0.5,0,20.2702,15.1711,10.6198,-6.64486,2,1.17925,1.53044,1,158.848
54,2000-02-24,00:00:00.00,0.918444,0.114555,0,9.78605,3.07733,16.4948,9.78605,-33333.3,-33333.3,1.21593,99.2122,0.5,0,20.5172,15.3331,10.7331,-6.55726,2,1.25148,1.90658,1,170.76
55,2000-02-25,00:00:00.00,0.935611,2.6651,0,7.16099,3.31562,11.0064,7.16099,-33333.3,-33333.3,1.228,99.1929,0.5,0,20.7662,15.6641,10.9649,-6.88037,2,1.04186,1.32195,1,124.954
56,2000-02-26,00:00:00.00,0.952778,0.64382,0,11.5114,5.10646,17.9164,11.5114,-33333.3,-33333.3,1.20803,99.2248,0.5,0,21.0171,15.6355,10.9448,-6.32441,2,1.43178,2.02768,1,200.867
57,2000-02-27,00:00:00.00,0.969945,0.514375,0,11.9316,5.57854,18.2847,11.9316,-33333.3,-33333.3,1.20611,99.2278,0.5,0,21.27,15.8116,11.0681,-6.26519,2,1.486,2.07304,1,208.198
58,2000-02-28,00:00:00.00,0.987112,7.32535,0.1079,3.58518,-0.107196,7.27755,3.58518,-33333.3,-33333.3,1.24459,99.1659,0.5,0,21.5247,16.4342,11.5039,-7.26263,2,0.762557,1.15035,1,62.5588
59,2000-02-29,00:00:00.00,1.00428,0,0,2.10955,-3.51561,7.73471,2.10955,-33333.3,-33333.3,1.2515,99.1545,0.5,0,21.7811,16.7008,11.6906,-7.40177,2,0.639062,1.33763,1,36.8102
60,2000-03-01,00:00:00.00,1.02145,0.341419,0,6.89974,1.10019,12.6993,6.89974,-33333.3,-33333.3,1.22921,99.1909,0.5,0,22.0391,16.7016,11.6911,-6.91052,2,1.0824,1.70495,1,120.396
61,2000-03-02,00:00:00.00,1.03861,2.59907,0.19742,6.34372,-1.04293,13.7304,6.34372,-33333.3,-33333.3,1.23178,99.1868,0.5,0,22.2986,16.938,11.8566,-6.97351,2,1.04407,1.90298,1,110.693
62,2000-03-03,00:00:00.00,1.05578,0.880673,1.53946,-0.85279,-3.98561,2.28003,-0.85279,-33333.3,-33333.3,1.2655,99.1314,0.5,0,22.5595,17.4428,12.21,-7.67205,2,0.386207,0.880085,1,-14.8806
63,2000-03-04,00:00:00.00,1.07295,0,0,1.75347,-4.07621,7.58316,1.75347,-33333.3,-33333.3,1.25317,99.1518,0.5,0,22.8217,17.562,12.2934,-7.43377,2,0.636282,1.40128,1,30.5968
64,2000-03-05,00:00:00.00,1.09012,0,0,4.18727,1.34799,7.02654,4.18727,-33333.3,-33333.3,1.24179,99.1705,0.5,0,23.0852,17.6747,12.3723,-7.20279,2,0.875657,1.11234,1,73.0649
65,2000-03-06,00:00:00.00,1.10728,0,0,4.70991,0.336098,9.08372,4.70991,-33333.3,-33333.3,1.23935,99.1744,0.5,0,23.3498,17.8657,12.506,-7.14939,2,0.936166,1.42961,1,82.1846
66,2000-03-07,00:00:00.00,1.12445,0,0,8.8444,0.184537,17.5043,8.8444,-33333.3,-33333.3,1.22025,99.2053,0.5,0,23.6154,17.8677,12.5074,-6.67743,2,1.3501,2.40817,1,154.329
67,2000-03-08,00:00:00.00,1.14162,0.177249,0,14.4936,5.79526,23.1919,14.4936,-33333.3,-33333.3,1.19443,99.2461,0.5,0,23.882,17.7106,12.3974,-5.8821,2,1.92265,2.95824,1,252.903
68,2000-03-09,00:00:00.00,1.15878,0,0,11.9879,0.855605,23.1201,11.9879,-33333.3,-33333.3,1.20586,99.2282,0.5,0,24.1494,18.1004,12.6703,-6.25718,2,1.69443,3.12152,1,209.18
69,2000-03-10,00:00:00.00,1.17595,8.30889,1.62979,9.03035,-4.40706,22.4678,9.03035,-33333.3,-33333.3,1.2194,99.2067,0.5,0,24.4175,18.5016,12.9511,-6.65408,2,1.41511,3.12331,1,157.573
70,2000-03-11,00:00:00.00,1.19312,0,0.570529,-1.81759,-3.39925,-0.235927,-1.81759,-33333.3,-33333.3,1.27012,99.1238,0.5,0,24.6863,19.2185,13.453,-7.76816,2,0.324546,0.645333,1,-31.7156
71,2000-03-12,00:00:00.00,1.21029,4.06429,7.39826,-0.730332,-3.24129,1.78063,-0.730332,-33333.3,-33333.3,1.26492,99.1324,0.5,0,24.9556,19.4004,13.5803,-7.65947,2,0.44022,0.877893,1,-12.7438
72,2000-03-13,00:00:00.00,1.22745,0.713954,1.03589,-0.576512,-3.71008,2.55705,-0.576512,-33333.3,-33333.3,1.26418,99.1336,0.5,0,25.2253,19.6156,13.7309,-7.64353,2,0.461055,1.00024,1,-10.0597
73,2000-03-14,00:00:00.00,1.24462,0,0,4.68003,0.651345,8.70871,4.68003,-33333.3,-33333.3,1.23949,99.1742,0.5,0,25.4953,19.6083,13.7258,-7.15248,2,1.01984,1.49613,1,81.6632
74,2000-03-15,00:00:00.00,1.26179,0.341419,0,7.86048,2.50223,13.2187,7.86048,-33333.3,-33333.3,1.22478,99.1981,0.5,0,25.7656,19.6559,13.7591,-6.79787,2,1.36942,1.99043,1,137.16
75,2000-03-16,00:00:00.00,1.27895,2.31006,0.335204,5.06806,-1.72047,11.8566,5.06806,-33333.3,-33333.3,1.23769,99.1772,0.5,0,26.0361,20.0277,14.0194,-7.11199,2,1.08344,2.01754,1,88.4341
76,2000-03-17,00:00:00.00,1.29612,0,13.1978,-2.83786,-4.9795,-0.696206,-2.83786,-33333.3,-33333.3,1.27502,99.1156,0.5,0,26.3065,20.5845,14.4092,-7.86399,2,0.235113,0.749136,1,-49.5186
77,2000-03-18,00:00:00.00,1.31329,0,0,-4.23814,-10.0184,1.54217,-4.23814,-33333.3,-33333.3,1.28177,99.1043,0.5,0,26.5769,20.8539,14.5977,-7.98602,2,0.0837058,1.12701,1,-73.9525
78,2000-03-19,00:00:00.00,1.33046,0,0,-1.33722,-10.0994,7.42494,-1.33722,-33333.3,-33333.3,1.26782,99.1276,0.5,0,26.8472,20.9741,14.6819,-7.72098,2,0.406563,1.70152,1,-23.3335
79,2000-03-20,00:00:00.00,1.34762,0,0,7.88197,2.88148,12.8825,7.88197,-33333.3,-33333.3,1.22468,99.1982,0.5,0,27.1172,20.745,14.5215,-6.7953,2,1.44441,2.02539,1,137.535
80,2000-03-21,00:00:00.00,1.36479,0.114555,0,7.86644,4.82891,10.904,7.86644,-33333.3,-33333.3,1.22475,99.1981,0.5,0,27.3868,20.9636,14.6745,-6.79716,2,1.45716,1.5933,1,137.264
81,2000-03-22,00:00:00.00,1.38196,0.497207,0,7.5523,3.11365,11.9909,7.5523,-33333.3,-33333.3,1.2262,99.1958,0.5,0,27.656,21.2001,14.84,-6.83454,2,1.4357,1.92115,1,131.782
82,2000-03-23,00:00:00.00,1.39912,0,0,9.74738,4.46959,15.0252,9.74738,-33333.3,-33333.3,1.21611,99.212,0.5,0,27.9247,21.2747,14.8923,-6.56229,2,1.70333,2.29839,1,170.085
83,2000-03-24,00:00:00.00,1.41629,0,0,9.29109,1.32797,17.2542,9.29109,-33333.3,-33333.3,1.2182,99.2086,0.5,0,28.1927,21.521,15.0647,-6.62103,2,1.66664,2.80307,1,162.123
84,2000-03-25,00:00:00.00,1.43346,0.114555,0,14.2154,6.59885,21.832,14.2154,-33333.3,-33333.3,1.19569,99.2442,0.5,0,28.4601,21.3594,14.9516,-5.92554,2,2.26241,3.27043,1,248.049
85,2000-03-26,00:00:00.00,1.45063,0,0,8.04013,3.77303,12.3072,8.04013,-33333.3,-33333.3,1.22395,99.1994,0.5,0,28.7265,22.0333,15.4233,-6.77627,2,1.54986,1.99422,1,140.294
86,2000-03-27,00:00:00.00,1.46779,0.056154,0,7.49521,0.079323,14.9111,7.49521,-33333.3,-33333.3,1.22646,99.1954,0.5,0,28.9921,22.2824,15.5977,-6.84127,2,1.49898,2.59734,1,130.786
87,2000-03-28,00:00:00.00,1.48496,0.378064,0,7.24687,4.21325,10.2805,7.24687,-33333.3,-33333.3,1.22761,99.1935,0.5,0,29.2567,22.5117,15.7582,-6.87038,2,1.48275,1.65993,1,126.453
88,2000-03-29,00:00:00.00,1.50213,1.78775,0,3.94118,2.07796,5.8044,3.94118,-33333.3,-33333.3,1.24293,99.1686,0.5,0,29.5202,22.9179,16.0425,-7.22747,2,1.09238,1.13937,1,68.7708
89,2000-03-30,00:00:00.00,1.51929,0.056154,0,4.24957,2.17781,6.32133,4.24957,-33333.3,-33333.3,1.2415,99.1709,0.5,0,29.7826,23.1143,16.18,-7.1965,2,1.14021,1.22931,1,74.152
90,2000-03-31,00:00:00.00,1.53646,0,0,4.6602,-0.740075,10.0605,4.6602,-33333.3,-33333.3,1.23959,99.1741,0.5,0,30.0436,23.3034,16.3124,-7.15452,2,1.20139,2.0394,1,81.3172
91,2000-04-01,00:00:00.00,1.55363,0,0,8.32446,0.719204,15.9297,8.32446,-33333.3,-33333.3,1.22264,99.2015,0.5,0,30.3034,23.2851,16.2995,-6.74172,2,1.67159,2.83938,1,145.256
92,2000-04-02,00:00:00.00,1.5708,2.52612,0,9.47755,6.41151,12.5436,9.47755,-33333.3,-33333.3,1.21735,99.21,0.5,0,30.5617,23.4114,16.388,-6.59716,2,1.8319,1.89846,1,165.377
93,2000-04-03,00:00:00.00,1.58796,9.0937,0,10.909,7.20444,14.6135,10.909,-33333.3,-33333.3,1.21079,99.2204,0.5,0,30.8185,23.5089,16.4562,-6.4076,2,2.03014,2.21475,1,190.354
94,2000-04-04,00:00:00.00,1.60513,14.9884,0,6.07907,1.06759,11.0905,6.07907,-33333.3,-33333.3,1.233,99.1848,0.5,0,31.0737,24.0535,16.8375,-7.00292,2,1.42564,2.16034,1,106.075
95,2000-04-05,00:00:00.00,1.6223,0.699863,0.277025,1.19675,-1.56812,3.96162,1.19675,-33333.3,-33333.3,1.25579,99.1475,0.5,0,31.3272,24.531,17.1717,-7.48258,2,0.803972,1.28697,1,20.8824
96,2000-04-06,00:00:00.00,1.63947,0.347958,0,6.67296,0.291283,13.0546,6.67296,-33333.3,-33333.3,1.23026,99.1892,0.5,0,31.579,24.4239,17.0967,-6.9364,2,1.52678,2.53911,1,116.438
97,2000-04-07,00:00:00.00,1.65663,0,0,6.05401,1.43471,10.6733,6.05401,-33333.3,-33333.3,1.23312,99.1846,0.5,0,31.829,24.6657,17.266,-7.00569,2,1.4574,2.12227,1,105.638
98,2000-04-08,00:00:00.00,1.6738,10.5525,0.440235,3.31261,-0.288428,6.91366,3.31261,-33333.3,-33333.3,1.24587,99.1638,0.5,0,32.077,25.0304,17.5213,-7.28913,2,1.10461,1.6714,1,57.8028
99,2000-04-09,00:00:00.00,1.69097,8.3717,3.48994,1.70245,-2.43414,5.83903,1.70245,-33333.3,-33333.3,1.25341,99.1514,0.5,0,32.3232,25.3172,17.722,-7.4383,2,0.897561,1.66745,1,29.7065
100,2000-04-10,00:00:00.00,1.70813,2.99488,0.971223,1.23637,-1.18675,3.65949,1.23637,-33333.3,-33333.3,1.2556,99.1478,0.5,0,32.5672,25.5399,17.8779,-7.47916,2,0.841528,1.25511,1,21.5738
101,2000-04-11,00:00:00.00,1.7253,1.02166,0.57537,0.729029,-1.87976,3.33782,0.729029,-33333.3,-33333.3,1.25799,99.1438,0.5,0,32.8092,25.7626,18.0338,-7.52246,2,0.778882,1.27702,1,12.721
102,2000-04-12,00:00:00.00,1.74247,4.77483,1.67039,1.65197,-1.77773,5.08167,1.65197,-33333.3,-33333.3,1.25365,99.151,0.5,0,33.049,25.9105,18.1374,-7.44278,2,0.911049,1.54838,1,28.8256
103,2000-04-13,00:00:00.00,1.75964,0,0,3.13246,-2.55789,8.8228,3.13246,-33333.3,-33333.3,1.24671,99.1624,0.5,0,33.2865,26.0223,18.2156,-7.30645,2,1.12192,2.16166,1,54.6591
104,2000-04-14,00:00:00.00,1.7768,0,0,10.1364,-0.192815,20.4657,10.1364,-33333.3,-33333.3,1.21432,99.2148,0.5,0,33.5217,25.731,18.0117,-6.51131,2,2.1031,3.91436,1,176.874
105,2000-04-15,00:00:00.00,1.79397,0,0,18.8096,12.527,25.0922,18.8096,-33333.3,-33333.3,1.17478,99.2762,0.5,0,33.7546,25.0432,17.5302,-5.14808,2,3.33143,4.02834,1,328.214
106,2000-04-16,00:00:00.00,1.81114,0,0,15.0696,5.22897,24.9102,15.0696,-33333.3,-33333.3,1.1918,99.2502,0.5,0,33.985,25.6435,17.9505,-5.79068,2,2.82754,4.55746,1,262.954
107,2000-04-17,00:00:00.00,1.8283,0.056154,0,4.47445,3.12024,5.82867,4.47445,-33333.3,-33333.3,1.24045,99.1727,0.5,0,34.213,26.6919,18.6844,-7.17362,2,1.34389,1.15338,1,78.076
108,2000-04-18,00:00:00.00,1.84547,2.60078,0,7.30898,5.20154,9.41642,7.30898,-33333.3,-33333.3,1.22732,99.194,0.5,0,34.4383,26.6822,18.6775,-6.86313,2,1.7576,1.63259,1,127.536
109,2000-04-19,00:00:00.00,1.86264,0,0,10.7643,7.91062,13.6179,10.7643,-33333.3,-33333.3,1.21145,99.2194,0.5,0,34.6611,26.5863,18.6104,-6.42728,2,2.26572,2.17518,1,187.829
110,2000-04-20,00:00:00.00,1.87981,0,0,11.4413,9.12662,13.7561,11.4413,-33333.3,-33333.3,1.20835,99.2243,0.5,0,34.8812,26.7015,18.6911,-6.3342,2,2.37823,2.01822,1,199.643
111,2000-04-21,00:00:00.00,1.89697,16.2963,0,10.6879,6.96341,14.4125,10.6879,-33333.3,-33333.3,1.2118,99.2188,0.5,0,35.0986,26.9407,18.8585,-6.43761,2,2.28358,2.50967,1,186.497
112,2000-04-22,00:00:00.00,1.91414,1.57661,0,6.76664,4.54213,8.99115,6.76664,-33333.3,-33333.3,1.22982,99.1899,0.5,0,35.3132,27.4233,19.1963,-6.92574,2,1.72339,1.68279,1,118.073
113,2000-04-23,00:00:00.00,1.93131,1.10508,0,6.20882,3.80087,8.61677,6.20882,-33333.3,-33333.3,1.2324,99.1857,0.5,0,35.5251,27.6331,19.3431,-6.98855,2,1.65167,1.72131,1,108.34
114,2000-04-24,00:00:00.00,1.94847,0,0,7.8974,1.91301,13.8818,7.8974,-33333.3,-33333.3,1.22461,99.1983,0.5,0,35.734,27.6757,19.373,-6.79345,2,1.91181,2.92153,1,137.804
115,2000-04-25,00:00:00.00,1.96564,0,0,7.67096,3.12047,12.2214,7.67096,-33333.3,-33333.3,1.22565,99.1967,0.5,0,35.94,27.8577,19.5004,-6.82048,2,1.88921,2.5397,1,133.853
116,2000-04-26,00:00:00.00,1.98281,0,0,6.22261,2.08454,10.3607,6.22261,-33333.3,-33333.3,1.23234,99.1858,0.5,0,36.1431,28.1277,19.6894,-6.98701,2,1.68285,2.29706,1,108.58
117,2000-04-27,00:00:00.00,1.99998,0,0,7.13064,4.01616,10.2451,7.13064,-33333.3,-33333.3,1.22814,99.1926,0.5,0,36.3432,28.2209,19.7547,-6.88389,2,1.82921,2.07959,1,124.425
118,2000-04-28,00:00:00.00,2.01714,0,0,8.43429,1.14965,15.7189,8.43429,-33333.3,-33333.3,1.22214,99.2023,0.5,0,36.5402,28.2763,19.7934,-6.72826,2,2.03692,3.36491,1,147.172
119,2000-04-29,00:00:00.00,2.03431,0,0,11.0774,2.97376,19.181,11.0774,-33333.3,-33333.3,1.21002,99.2217,0.5,0,36.7342,28.2016,19.7411,-6.38456,2,2.45078,3.92732,1,193.292
120,2000-04-30,00:00:00.00,2.05148,0,0,9.47227,3.61001,15.3345,9.47227,-33333.3,-33333.3,1.21737,99.21,0.5,0,36.925,28.4955,19.9469,-6.59784,2,2.21772,3.17105,1,165.284
121,2000-05-01,00:00:00.00,2.06864,1.99685,0,13.1072,5.58076,20.6337,13.1072,-33333.3,-33333.3,1.20075,99.2363,0.5,0,37.1126,28.3019,19.8113,-6.09412,2,2.78903,4.09266,1,228.712
122,2000-05-02,00:00:00.00,2.08581,4.92155,0,11.8104,7.11098,16.5098,11.8104,-33333.3,-33333.3,1.20667,99.227,0.5,0,37.2971,28.576,20.0032,-6.28237,2,2.60233,3.11366,1,206.083
123,2000-05-03,00:00:00.00,2.10298,0,0,11.7432,5.06898,18.4175,11.7432,-33333.3,-33333.3,1.20697,99.2265,0.5,0,37.4783,28.725,20.1075,-6.29186,2,2.6047,3.72022,1,204.911
124,2000-05-04,00:00:00.00,2.12015,0,0,15.7309,7.52379,23.938,15.7309,-33333.3,-33333.3,1.18879,99.2549,0.5,0,37.6562,28.4379,19.9065,-5.68327,2,3.24057,4.70443,1,274.493
125,2000-05-05,00:00:00.00,2.13731,0.892439,0,21.8549,17.3578,26.352,21.8549,-33333.3,-33333.3,1.16089,99.297,0.5,0,37.8309,27.747,19.4229,-4.55968,2,4.2176,4.1375,1,381.353
126,2000-05-06,00:00:00.00,2.15448,0,0,22.7276,16.7803,28.6748,22.7276,-33333.3,-33333.3,1.1569,99.3028,0.5,0,38.0022,27.7397,19.4178,-4.37986,2,4.37465,4.88479,1,396.58
127,2000-05-07,00:00:00.00,2.17165,0,0,23.2086,18.0338,28.3833,23.2086,-33333.3,-33333.3,1.1547,99.306,0.5,0,38.1701,27.788,19.4516,-4.27857,2,4.47049,4.63099,1,404.973
128,2000-05-08,00:00:00.00,2.18881,0,0,23.5664,17.8108,29.322,23.5664,-33333.3,-33333.3,1.15306,99.3084,0.5,0,38.3347,27.8521,19.4964,-4.2022,2,4.547,4.94783,1,411.217
129,2000-05-09,00:00:00.00,2.20598,0,0,24.1385,19.8737,28.4034,24.1385,-33333.3,-33333.3,1.15044,99.3122,0.5,0,38.4958,27.8758,19.5131,-4.07829,2,4.65785,4.33618,1,421.2
130,2000-05-10,00:00:00.00,2.22315,4.54832,0,16.8798,11.8878,21.8717,16.8798,-33333.3,-33333.3,1.18357,99.2629,0.5,0,38.6535,29.0675,20.3473,-5.49039,2,3.51206,3.89519,1,294.54
131,2000-05-11,00:00:00.00,2.24032,2.64552,0,13.9636,7.80676,20.1205,13.9636,-33333.3,-33333.3,1.19684,99.2424,0.5,0,38.8077,29.5327,20.6729,-5.96448,2,3.0563,3.97793,1,243.655
132,2000-05-12,00:00:00.00,2.25748,22.9344,0,16.1455,10.8439,21.4471,16.1455,-33333.3,-33333.3,1.18691,99.2578,0.5,0,38.9584,29.3935,20.5755,-5.61459,2,3.42139,3.96017,1,281.728
133,2000-05-13,00:00:00.00,2.27465,26.6153,0,17.5403,10.6916,24.389,17.5403,-33333.3,-33333.3,1.18056,99.2675,0.5,0,39.1055,29.3286,20.53,-5.37583,2,3.66106,4.70373,1,306.066
134,2000-05-14,00:00:00.00,2.29182,7.11406,0,11.6707,7.17205,16.1694,11.6707,-33333.3,-33333.3,1.2073,99.2259,0.5,0,39.2492,30.1192,21.0834,-6.30208,2,2.71781,3.19075,1,203.646
135,2000-05-15,00:00:00.00,2.30898,0.949004,0,11.13,6.70801,15.5519,11.13,-33333.3,-33333.3,1.20978,99.222,0.5,0,39.3892,30.2825,21.1977,-6.37733,2,2.63918,3.11646,1,194.21
136,2000-05-16,00:00:00.00,2.32615,0,0,10.8406,4.18977,17.4915,10.8406,-33333.3,-33333.3,1.2111,99.2199,0.5,0,39.5257,30.4174,21.2922,-6.41691,2,2.60097,3.79691,1,189.161
137,2000-05-17,00:00:00.00,2.34332,0.17071,0,16.4328,9.77834,23.0873,16.4328,-33333.3,-33333.3,1.1856,99.2598,0.5,0,39.6585,29.8946,20.9262,-5.56638,2,3.53122,4.55477,1,286.741
138,2000-05-18,00:00:00.00,2.36049,3.28911,0,16.5818,10.3013,22.8622,16.5818,-33333.3,-33333.3,1.18492,99.2608,0.5,0,39.7877,29.9744,20.9821,-5.5412,2,3.56754,4.45863,1,289.34
139,2000-05-19,00:00:00.00,2.37765,7.09488,0,8.51028,5.12036,11.9002,8.51028,-33333.3,-33333.3,1.22179,99.2029,0.5,0,39.9133,30.9369,21.6558,-6.71891,2,2.24047,2.51459,1,148.498
140,2000-05-20,00:00:00.00,2.39482,9.37683,0,9.58564,7.33924,11.832,9.58564,-33333.3,-33333.3,1.21685,99.2108,0.5,0,40.0352,30.935,21.6545,-6.58324,2,2.42632,2.13717,1,167.263
141,2000-05-21,00:00:00.00,2.41199,0.497207,0,11.2922,8.85522,13.7292,11.2922,-33333.3,-33333.3,1.20903,99.2232,0.5,0,40.1534,30.8613,21.6029,-6.35492,2,2.71835,2.37166,1,197.041
142,2000-05-22,00:00:00.00,2.42915,0,0,11.9529,6.73652,17.1693,11.9529,-33333.3,-33333.3,1.20601,99.228,0.5,0,40.268,30.882,21.6174,-6.26215,2,2.83682,3.55881,1,208.57
143,2000-05-23,00:00:00.00,2.44632,1.31177,0,13.958,7.68471,20.2313,13.958,-33333.3,-33333.3,1.19687,99.2423,0.5,0,40.3788,30.7468,21.5228,-5.96534,2,3.18124,4.17719,1,243.558
144,2000-05-24,00:00:00.00,2.46349,13.3871,0,17.7616,12.5343,22.9889,17.7616,-33333.3,-33333.3,1.17955,99.269,0.5,0,40.4858,30.3484,21.2439,-5.33686,2,3.82982,4.28106,1,309.927
145,2000-05-25,00:00:00.00,2.48066,5.02997,0,13.9402,10.2471,17.6333,13.9402,-33333.3,-33333.3,1.19695,99.2422,0.5,0,40.5892,30.9104,21.6373,-5.96807,2,3.19515,3.21992,1,243.247
146,2000-05-26,00:00:00.00,2.49782,0,0,12.2228,6.84545,17.6001,12.2228,-33333.3,-33333.3,1.20478,99.2299,0.5,0,40.6887,31.1786,21.8251,-6.22355,2,2.9127,3.68416,1,213.279
147,2000-05-27,00:00:00.00,2.51499,0,0,12.7933,6.63667,18.95,12.7933,-33333.3,-33333.3,1.20218,99.234,0.5,0,40.7845,31.1904,21.8332,-6.14057,2,3.01643,4.02646,1,223.234
148,2000-05-28,00:00:00.00,2.53216,0,0,11.6119,7.56947,15.6543,11.6119,-33333.3,-33333.3,1.20757,99.2255,0.5,0,40.8766,31.3883,21.9718,-6.31035,2,2.82265,3.14374,1,202.619
149,2000-05-29,00:00:00.00,2.54933,0,0,13.7806,8.53568,19.0255,13.7806,-33333.3,-33333.3,1.19768,99.2411,0.5,0,40.9648,31.2169,21.8518,-5.99255,2,3.1982,3.85326,1,240.461
150,2000-05-30,00:00:00.00,2.56649,0,0,16.0486,9.14856,22.9487,16.0486,-33333.3,-33333.3,1.18735,99.2571,0.5,0,41.0492,31.0033,21.7023,-5.63074,2,3.592,4.7468,1,280.037
151,2000-05-31,00:00:00.00,2.58366,4.3217,0,19.8742,13.6789,26.0696,19.8742,-33333.3,-33333.3,1.16993,99.2835,0.5,0,41.1298,30.5254,21.3678,-4.94919,2,4.2534,5.01607,1,346.791
152,2000-06-01,00:00:00.00,2.60083,0.056154,0,20.3012,15.2378,25.3645,20.3012,-33333.3,-33333.3,1.16799,99.2864,0.5,0,41.2066,30.5166,21.3616,-4.86739,2,4.3347,4.59467,1,354.241
153,2000-06-02,00:00:00.00,2.61799,3.46381,0,20.171,13.4386,26.9033,20.171,-33333.3,-33333.3,1.16858,99.2856,0.5,0,41.2796,30.591,21.4137,-4.89246,2,4.32025,5.28932,1,351.969
154,2000-06-03,00:00:00.00,2.63516,0,0,14.6773,9.10084,20.2539,14.6773,-33333.3,-33333.3,1.19359,99.2474,0.5,0,41.3487,31.403,21.9821,-5.85315,2,3.38317,4.12432,1,256.109
155,2000-06-04,00:00:00.00,2.65233,0,0,13.6041,7.30854,19.8996,13.6041,-33333.3,-33333.3,1.19848,99.2398,0.5,0,41.414,31.5807,22.1065,-6.01942,2,3.20385,4.24403,1,237.382
156,2000-06-05,00:00:00.00,2.6695,0,0,12.2474,8.29559,16.1992,12.2474,-33333.3,-33333.3,1.20467,99.2301,0.5,0,41.4754,31.7809,22.2466,-6.22001,2,2.97477,3.22199,1,213.708
157,2000-06-06,00:00:00.00,2.68666,3.02521,0,11.4813,9.04179,13.9208,11.4813,-33333.3,-33333.3,1.20817,99.2246,0.5,0,41.5329,31.9074,22.3352,-6.32863,2,2.84671,2.47036,1,200.34
158,2000-06-07,00:00:00.00,2.70383,0.497207,0,13.7657,6.63009,20.9012,13.7657,-33333.3,-33333.3,1.19774,99.241,0.5,0,41.5866,31.6934,22.1854,-5.99483,2,3.24563,4.56049,1,240.201
159,2000-06-08,00:00:00.00,2.721,0.056154,0,19.8396,14.587,25.0922,19.8396,-33333.3,-33333.3,1.17009,99.2833,0.5,0,41.6364,30.9071,21.635,-4.95577,2,4.30152,4.67125,1,346.187
160,2000-06-09,00:00:00.00,2.73816,1.7482,0,20.75,15.5028,25.9972,20.75,-33333.3,-33333.3,1.16594,99.2895,0.5,0,41.6823,30.7976,21.5583,-4.78012,2,4.46431,4.78708,1,362.073
161,2000-06-10,00:00:00.00,2.75533,0,0,22.9879,16.4527,29.5232,22.9879,-33333.3,-33333.3,1.15571,99.3046,0.5,0,41.7244,30.4518,21.3162,-4.32523,2,4.85744,5.65824,1,401.123
162,2000-06-11,00:00:00.00,2.7725,3.7646,0,23.2377,19.6884,26.7869,23.2377,-33333.3,-33333.3,1.15457,99.3062,0.5,0,41.7625,30.4353,21.3047,-4.27239,2,4.90551,4.19919,1,405.481
163,2000-06-12,00:00:00.00,2.78967,16.3564,0,14.438,10.6141,18.2619,14.438,-33333.3,-33333.3,1.19468,99.2457,0.5,0,41.7968,31.7723,22.2406,-5.89081,2,3.37975,3.42684,1,251.933
164,2000-06-13,00:00:00.00,2.80683,11.5735,0,16.7702,12.5458,20.9945,16.7702,-33333.3,-33333.3,1.18406,99.2621,0.5,0,41.8272,31.4946,22.0462,-5.50914,2,3.78819,3.86518,1,292.628
165,2000-06-14,00:00:00.00,2.824,26.618,0,23.2233,16.6385,29.8081,23.2233,-33333.3,-33333.3,1.15463,99.3061,0.5,0,41.8536,30.504,21.3528,-4.27545,2,4.91444,5.73011,1,405.23
166,2000-06-15,00:00:00.00,2.84117,1.55783,0,23.8645,18.2584,29.4705,23.8645,-33333.3,-33333.3,1.15169,99.3104,0.5,0,41.8762,30.4046,21.2832,-4.13792,2,5.02905,5.37268,1,416.418
167,2000-06-16,00:00:00.00,2.85833,13.135,0,23.9136,18.2708,29.5563,23.9136,-33333.3,-33333.3,1.15147,99.3107,0.5,0,41.8949,30.4091,21.2864,-4.12728,2,5.0401,5.399,1,417.275
168,2000-06-17,00:00:00.00,2.8755,1.28127,0,19.3418,13.8749,24.8087,19.3418,-33333.3,-33333.3,1.17236,99.2799,0.5,0,41.9097,31.1858,21.8301,-5.04956,2,4.24488,4.73343,1,337.5
169,2000-06-18,00:00:00.00,2.89267,0.285265,0,17.6572,10.7693,24.5451,17.6572,-33333.3,-33333.3,1.18003,99.2683,0.5,0,41.9206,31.4414,22.009,-5.35529,2,3.95233,5.07345,1,308.105
170,2000-06-19,00:00:00.00,2.90984,0.277942,0,15.5859,8.71996,22.4518,15.5859,-33333.3,-33333.3,1.18945,99.2538,0.5,0,41.9276,31.7268,22.2088,-5.70705,2,3.5918,4.77026,1,271.963
171,2000-06-20,00:00:00.00,2.927,0.114555,0,20.4619,14.7223,26.2014,20.4619,-33333.3,-33333.3,1.16725,99.2875,0.5,0,41.9306,31.0266,21.7186,-4.83629,2,4.4431,4.99881,1,357.045
172,2000-06-21,00:00:00.00,2.94417,1.0265,0,23.6711,19.2457,28.0966,23.6711,-33333.3,-33333.3,1.15258,99.3091,0.5,0,41.9298,30.4785,21.3349,-4.17968,2,5.00327,4.75749,1,413.044
173,2000-06-22,00:00:00.00,2.96134,8.09709,0,21.9296,16.611,27.2482,21.9296,-33333.3,-33333.3,1.16055,99.2975,0.5,0,41.9251,30.7809,21.5466,-4.54448,2,4.69908,4.99594,1,382.656
174,2000-06-23,00:00:00.00,2.9785,0.497207,0,18.6024,12.8716,24.3332,18.6024,-33333.3,-33333.3,1.17572,99.2748,0.5,0,41.9165,31.3016,21.9111,-5.18594,2,4.11786,4.75065,1,324.599
175,2000-06-24,00:00:00.00,2.99567,0.93997,0,20.4993,12.7915,28.2072,20.4993,-33333.3,-33333.3,1.16708,99.2878,0.5,0,41.904,31.0009,21.7006,-4.82902,2,4.44772,5.79487,1,357.699
176,2000-06-25,00:00:00.00,3.01284,1.23146,0,23.3513,19.3389,27.3638,23.3513,-33333.3,-33333.3,1.15405,99.307,0.5,0,41.8877,30.5056,21.3539,-4.24821,2,4.9435,4.4906,1,407.464
177,2000-06-26,00:00:00.00,3.03001,3.61648,0,23.3452,17.7371,28.9532,23.3452,-33333.3,-33333.3,1.15408,99.307,0.5,0,41.8674,30.492,21.3444,-4.24952,2,4.94029,5.30554,1,407.356
178,2000-06-27,00:00:00.00,3.04717,6.32335,0,20.9614,15.6885,26.2342,20.9614,-33333.3,-33333.3,1.16497,99.2909,0.5,0,41.8433,30.8817,21.6172,-4.73857,2,4.52244,4.8437,1,365.761
179,2000-06-28,00:00:00.00,3.06434,0,0,17.5866,11.9654,23.2077,17.5866,-33333.3,-33333.3,1.18035,99.2678,0.5,0,41.8153,31.3726,21.9608,-5.36771,2,3.93213,4.56262,1,306.873
180,2000-06-29,00:00:00.00,3.08151,1.71159,0,16.7371,12.8965,20.5778,16.7371,-33333.3,-33333.3,1.18421,99.2619,0.5,0,41.7834,31.466,22.0262,-5.51478,2,3.78156,3.67808,1,292.051
181,2000-06-30,00:00:00.00,3.09867,9.10927,0,17.6316,12.2571,23.0062,17.6316,-33333.3,-33333.3,1.18014,99.2681,0.5,0,41.7477,31.3157,21.921,-5.35979,2,3.93401,4.45989,1,307.659
182,2000-07-01,00:00:00.00,3.11584,0,0,19.9525,13.2854,26.6196,19.9525,-33333.3,-33333.3,1.16957,99.2841,0.5,0,41.7082,30.9425,21.6598,-4.93428,2,4.33356,5.28766,1,348.157
183,2000-07-02,00:00:00.00,3.13301,0,0,21.8967,15.6062,28.1873,21.8967,-33333.3,-33333.3,1.1607,99.2973,0.5,0,41.6647,30.5959,21.4171,-4.55117,2,4.66661,5.39505,1,382.083
184,2000-07-03,00:00:00.00,3.15018,1.29138,0,21.3813,18.2176,24.545,21.3813,-33333.3,-33333.3,1.16306,99.2938,0.5,0,41.6175,30.647,21.4529,-4.65515,2,4.57223,3.77209,1,373.089
185,2000-07-04,00:00:00.00,3.16734,5.22704,0,21.3228,16.9483,25.6973,21.3228,-33333.3,-33333.3,1.16332,99.2934,0.5,0,41.5664,30.6191,21.4334,-4.66684,2,4.55673,4.42349,1,372.068
186,2000-07-05,00:00:00.00,3.18451,0,0,18.0807,12.8022,23.3592,18.0807,-33333.3,-33333.3,1.1781,99.2712,0.5,0,41.5115,31.0754,21.7528,-5.2801,2,3.99043,4.45057,1,315.495
187,2000-07-06,00:00:00.00,3.20168,0,0,16.6195,11.2346,22.0043,16.6195,-33333.3,-33333.3,1.18475,99.2611,0.5,0,41.4528,31.2334,21.8633,-5.5348,2,3.73271,4.30601,1,289.998
188,2000-07-07,00:00:00.00,3.21884,0,0,16.5058,11.6484,21.3632,16.5058,-33333.3,-33333.3,1.18527,99.2603,0.5,0,41.3903,31.2014,21.841,-5.55406,2,3.70768,4.07003,1,288.014
189,2000-07-08,00:00:00.00,3.23601,0,0,17.3481,10.8829,23.8133,17.3481,-33333.3,-33333.3,1.18143,99.2661,0.5,0,41.324,31.0376,21.7263,-5.40945,2,3.84693,4.80313,1,302.712
190,2000-07-09,00:00:00.00,3.25318,0.626684,0,17.8569,12.7,23.0138,17.8569,-33333.3,-33333.3,1.17912,99.2697,0.5,0,41.2539,30.9143,21.64,-5.31997,2,3.92805,4.34442,1,311.59
191,2000-07-10,00:00:00.00,3.27035,2.10552,0,19.6651,14.6985,24.6318,19.6651,-33333.3,-33333.3,1.17088,99.2821,0.5,0,41.1801,30.595,21.4165,-4.98882,2,4.23144,4.47174,1,343.143
192,2000-07-11,00:00:00.00,3.28751,0,0,18.565,12.0001,25.1299,18.565,-33333.3,-33333.3,1.17589,99.2746,0.5,0,41.1025,30.6999,21.49,-5.19276,2,4.0353,4.98075,1,323.945
193,2000-07-12,00:00:00.00,3.30468,0,0,18.3746,10.865,25.8842,18.3746,-33333.3,-33333.3,1.17676,99.2733,0.5,0,41.0211,30.6664,21.4665,-5.22728,2,3.99499,5.2887,1,320.623
194,2000-07-13,00:00:00.00,3.32185,0,0,20.2264,12.9482,27.5046,20.2264,-33333.3,-33333.3,1.16833,99.2859,0.5,0,40.9361,30.3277,21.2294,-4.88179,2,4.30279,5.46176,1,352.937
195,2000-07-14,00:00:00.00,3.33902,1.48248,0,20.0844,14.2821,25.8866,20.0844,-33333.3,-33333.3,1.16897,99.285,0.5,0,40.8473,30.2835,21.1984,-4.90908,2,4.2695,4.84785,1,350.458
196,2000-07-15,00:00:00.00,3.35618,2.015,0,21.8323,16.7699,26.8948,21.8323,-33333.3,-33333.3,1.161,99.2968,0.5,0,40.7548,29.9377,20.9564,-4.56426,2,4.55692,4.72647,1,380.959
197,2000-07-16,00:00:00.00,3.37335,3.87287,0,20.5023,16.4654,24.5391,20.5023,-33333.3,-33333.3,1.16707,99.2878,0.5,0,40.6586,30.0787,21.0551,-4.82845,2,4.32105,4.06938,1,357.75
198,2000-07-17,00:00:00.00,3.39052,0.341419,0,20.3885,15.3171,25.4599,20.3885,-33333.3,-33333.3,1.16759,99.287,0.5,0,40.5588,30.022,21.0154,-4.85051,2,4.29144,4.53638,1,355.765
199,2000-07-18,00:00:00.00,3.40768,0,0,18.1559,15.412,20.8999,18.1559,-33333.3,-33333.3,1.17776,99.2717,0.5,0,40.4553,30.2722,21.1905,-5.26663,2,3.90429,3.13375,1,316.808
200,2000-07-19,00:00:00.00,3.42485,0,0,15.9897,11.4804,20.4989,15.9897,-33333.3,-33333.3,1.18762,99.2567,0.5,0,40.3481,30.4793,21.3355,-5.64053,2,3.52985,3.76519,1,279.008
201,2000-07-20,00:00:00.00,3.44202,0,0,15.5788,8.71678,22.4408,15.5788,-33333.3,-33333.3,1.18949,99.2538,0.5,0,40.2373,30.4464,21.3125,-5.70821,2,3.45144,4.57567,1,271.839
202,2000-07-21,00:00:00.00,3.45919,0.114555,0,18.967,14.5305,23.4034,18.967,-33333.3,-33333.3,1.17406,99.2773,0.5,0,40.123,29.9073,20.9351,-5.11913,2,4.00849,4.04107,1,330.96
203,2000-07-22,00:00:00.00,3.47635,1.40419,0,16.5409,11.6625,21.4192,16.5409,-33333.3,-33333.3,1.18511,99.2605,0.5,0,40.005,30.1479,21.1036,-5.54813,2,3.59232,3.94632,1,288.626
204,2000-07-23,00:00:00.00,3.49352,0,0,16.826,10.4753,23.1768,16.826,-33333.3,-33333.3,1.18381,99.2625,0.5,0,39.8835,30.0186,21.013,-5.4996,2,3.62901,4.52623,1,293.602
205,2000-07-24,00:00:00.00,3.51069,0,0,18.6823,12.6002,24.7644,18.6823,-33333.3,-33333.3,1.17536,99.2754,0.5,0,39.7584,29.6729,20.7711,-5.17138,2,3.92551,4.65229,1,325.992
206,2000-07-25,00:00:00.00,3.52785,0,0,20.0015,13.0318,26.9712,20.0015,-33333.3,-33333.3,1.16935,99.2844,0.5,0,39.6298,29.3857,20.57,-4.92492,2,4.131,5.1436,1,349.012
207,2000-07-26,00:00:00.00,3.54502,0,0,21.6085,15.4254,27.7915,21.6085,-33333.3,-33333.3,1.16202,99.2953,0.5,0,39.4976,29.0411,20.3288,-4.60955,2,4.38208,5.03372,1,377.052
208,2000-07-27,00:00:00.00,3.56219,0,0,21.3031,15.8629,26.7434,21.3031,-33333.3,-33333.3,1.16341,99.2932,0.5,0,39.362,28.9877,20.2914,-4.67077,2,4.31715,4.66904,1,371.725
209,2000-07-28,00:00:00.00,3.57936,0,0,22.2118,16.0888,28.3349,22.2118,-33333.3,-33333.3,1.15926,99.2994,0.5,0,39.2229,28.7404,20.1183,-4.48675,2,4.45075,5.05059,1,387.581
210,2000-07-29,00:00:00.00,3.59652,11.1649,0,23.1737,18.0478,28.2996,23.1737,-33333.3,-33333.3,1.15486,99.3058,0.5,0,39.0804,28.4773,19.9341,-4.28596,2,4.59156,4.71498,1,404.365
211,2000-07-30,00:00:00.00,3.61369,0.285265,0,21.2488,17.665,24.8326,21.2488,-33333.3,-33333.3,1.16366,99.2929,0.5,0,38.9344,28.676,20.0732,-4.6816,2,4.2621,3.7432,1,370.776
212,2000-07-31,00:00:00.00,3.63086,3.80324,0,24.473,20.4938,28.4521,24.473,-33333.3,-33333.3,1.1489,99.3144,0.5,0,38.7851,28.0384,19.6269,-4.00481,2,4.76751,4.25355,1,427.036
213,2000-08-01,00:00:00.00,3.64802,14.9793,0,24.4925,20.049,28.936,24.4925,-33333.3,-33333.3,1.14881,99.3146,0.5,0,38.6324,27.9223,19.5456,-4.00049,2,4.75212,4.47927,1,427.377
214,2000-08-02,00:00:00.00,3.66519,5.85183,0,24.2719,19.5211,29.0228,24.2719,-33333.3,-33333.3,1.14982,99.3131,0.5,0,38.4763,27.845,19.4915,-4.04907,2,4.69776,4.5888,1,423.528
215,2000-08-03,00:00:00.00,3.68236,2.28212,0,19.3048,13.9234,24.6861,19.3048,-33333.3,-33333.3,1.17253,99.2796,0.5,0,38.3169,28.4944,19.9461,-5.05647,2,3.88463,4.28937,1,336.854
216,2000-08-04,00:00:00.00,3.69953,18.72,0,16.9642,11.0318,22.8965,16.9642,-33333.3,-33333.3,1.18318,99.2635,0.5,0,38.1542,28.6796,20.0757,-5.47591,2,3.4958,4.20162,1,296.013
217,2000-08-05,00:00:00.00,3.71669,0,0,18.3521,11.5741,25.1302,18.3521,-33333.3,-33333.3,1.17686,99.2731,0.5,0,37.9883,28.3736,19.8615,-5.23133,2,3.70072,4.65014,1,320.232
218,2000-08-06,00:00:00.00,3.73386,0.22911,0,18.0425,13.7998,22.2853,18.0425,-33333.3,-33333.3,1.17827,99.271,0.5,0,37.8191,28.2849,19.7995,-5.28692,2,3.63557,3.6313,1,314.829
219,2000-08-07,00:00:00.00,3.75103,11.9758,0,23.0503,19.0074,27.0933,23.0503,-33333.3,-33333.3,1.15543,99.305,0.5,0,37.6467,27.4298,19.2009,-4.31206,2,4.40572,4.02163,1,402.212
220,2000-08-08,00:00:00.00,3.76819,0.056154,0,23.8232,18.8398,28.8067,23.8232,-33333.3,-33333.3,1.15188,99.3101,0.5,0,37.4711,27.1738,19.0216,-4.14685,2,4.50621,4.5282,1,415.699
221,2000-08-09,00:00:00.00,3.78536,3.64691,0,23.4215,18.3699,28.4731,23.4215,-33333.3,-33333.3,1.15373,99.3075,0.5,0,37.2924,27.1055,18.9738,-4.23323,2,4.42241,4.49353,1,408.688
222,2000-08-10,00:00:00.00,3.80253,1.28445,0,21.08,16.0886,26.0714,21.08,-33333.3,-33333.3,1.16443,99.2917,0.5,0,37.1106,27.3268,19.1287,-4.71512,2,4.03848,4.19243,1,367.831
223,2000-08-11,00:00:00.00,3.8197,0.741239,0,18.9741,14.6345,23.3137,18.9741,-33333.3,-33333.3,1.17403,99.2774,0.5,0,36.9257,27.4787,19.2351,-5.11781,2,3.69405,3.67897,1,331.085
224,2000-08-12,00:00:00.00,3.83686,3.13788,0,17.3981,13.168,21.6282,17.3981,-33333.3,-33333.3,1.18121,99.2665,0.5,0,36.7378,27.5359,19.2751,-5.40073,2,3.43379,3.45889,1,303.584
225,2000-08-13,00:00:00.00,3.85403,1.16672,0,18.9113,13.3156,24.5071,18.9113,-33333.3,-33333.3,1.17432,99.2769,0.5,0,36.5469,27.1968,19.0377,-5.12938,2,3.64689,4.1277,1,329.989
226,2000-08-14,00:00:00.00,3.8712,0,0,20.0221,13.6713,26.373,20.0221,-33333.3,-33333.3,1.16926,99.2845,0.5,0,36.353,26.8998,18.8298,-4.92098,2,3.79622,4.50643,1,349.372
227,2000-08-15,00:00:00.00,3.88836,0.855794,0,22.4666,15.8695,29.0637,22.4666,-33333.3,-33333.3,1.1581,99.3011,0.5,0,36.1562,26.3999,18.48,-4.43417,2,4.14469,4.86333,1,392.026
228,2000-08-16,00:00:00.00,3.90553,9.32737,0,22.1858,15.5777,28.7938,22.1858,-33333.3,-33333.3,1.15938,99.2992,0.5,0,35.9565,26.2908,18.4036,-4.4921,2,4.07982,4.80672,1,387.126
229,2000-08-17,00:00:00.00,3.9227,4.06371,0,15.8628,11.7365,19.989,15.8628,-33333.3,-33333.3,1.18819,99.2558,0.5,0,35.754,26.9544,18.8681,-5.66154,2,3.1134,3.17967,1,276.794
230,2000-08-18,00:00:00.00,3.93987,0.17071,0,15.8244,9.7605,21.8884,15.8244,-33333.3,-33333.3,1.18837,99.2555,0.5,0,35.5486,26.7988,18.7591,-5.66787,2,3.08995,3.82811,1,276.125
231,2000-08-19,00:00:00.00,3.95703,0.497207,0,15.8768,11.5435,20.2101,15.8768,-33333.3,-33333.3,1.18813,99.2559,0.5,0,35.3406,26.6308,18.6416,-5.65922,2,3.0797,3.22212,1,277.039
232,2000-08-20,00:00:00.00,3.9742,0,0,12.9154,7.6326,18.1981,12.9154,-33333.3,-33333.3,1.20162,99.2349,0.5,0,35.1298,26.7728,18.741,-6.12258,2,2.62717,3.22545,1,225.364
233,2000-08-21,00:00:00.00,3.99137,0,0,14.0535,6.87702,21.23,14.0535,-33333.3,-33333.3,1.19643,99.243,0.5,0,34.9163,26.4924,18.5447,-5.95062,2,2.77718,3.87498,1,245.224
234,2000-08-22,00:00:00.00,4.00853,0,0,17.3741,10.2119,24.5363,17.3741,-33333.3,-33333.3,1.18132,99.2663,0.5,0,34.7002,25.9619,18.1734,-5.40491,2,3.24111,4.24822,1,303.166
235,2000-08-23,00:00:00.00,4.0257,20.4324,0,19.7822,15.7744,23.79,19.7822,-33333.3,-33333.3,1.17035,99.2829,0.5,0,34.4816,25.4973,17.8481,-4.96666,2,3.56744,3.37406,1,345.186
236,2000-08-24,00:00:00.00,4.04287,5.69042,0,19.3886,14.3972,24.3801,19.3886,-33333.3,-33333.3,1.17214,99.2802,0.5,0,34.2604,25.3771,17.764,-5.0408,2,3.48838,3.70207,1,338.318
237,2000-08-25,00:00:00.00,4.06004,0,0,19.0353,12.6107,25.4599,19.0353,-33333.3,-33333.3,1.17375,99.2778,0.5,0,34.0368,25.2486,17.674,-5.10652,2,3.41549,4.13299,1,332.152
238,2000-08-26,00:00:00.00,4.0772,0,0,19.8026,13.5272,26.0781,19.8026,-33333.3,-33333.3,1.17026,99.2831,0.5,0,33.8108,24.9783,17.4848,-4.96279,2,3.50123,4.14214,1,345.542
239,2000-08-27,00:00:00.00,4.09437,0,0,19.8499,16.425,23.2747,19.8499,-33333.3,-33333.3,1.17004,99.2834,0.5,0,33.5824,24.7964,17.3575,-4.95382,2,3.4843,3.04316,1,346.366
240,2000-08-28,00:00:00.00,4.11154,0,0,20.1915,15.826,24.5571,20.1915,-33333.3,-33333.3,1.16849,99.2857,0.5,0,33.3518,24.5754,17.2028,-4.8885,2,3.50804,3.44315,1,352.328
241,2000-08-29,00:00:00.00,4.12871,0,0,22.6195,17.578,27.6611,22.6195,-33333.3,-33333.3,1.1574,99.3021,0.5,0,33.1189,24.0737,16.8516,-4.4024,2,3.81938,3.90912,1,394.695
242,2000-08-30,00:00:00.00,4.14587,0,0,23.8562,19.6766,28.0357,23.8562,-33333.3,-33333.3,1.15173,99.3104,0.5,0,32.8838,23.7194,16.6036,-4.13972,2,3.96215,3.64212,1,416.273
243,2000-08-31,00:00:00.00,4.16304,0,0,23.6457,17.5423,29.7491,23.6457,-33333.3,-33333.3,1.1527,99.309,0.5,0,32.6466,23.5701,16.4991,-4.18516,2,3.90496,4.34743,1,412.6
244,2000-09-01,00:00:00.00,4.18021,0,0,24.8261,19.6707,29.9815,24.8261,-33333.3,-33333.3,1.14728,99.3168,0.5,0,32.4074,23.2172,16.2521,-3.92639,2,4.03616,4.07924,1,433.198
245,2000-09-02,00:00:00.00,4.19737,0,0,24.4296,18.371,30.4883,24.4296,-33333.3,-33333.3,1.1491,99.3142,0.5,0,32.1662,23.0934,16.1654,-4.01438,2,3.95293,4.34846,1,426.28
246,2000-09-03,00:00:00.00,4.21454,0.32191,0,20.3077,17.2285,23.3869,20.3077,-33333.3,-33333.3,1.16796,99.2865,0.5,0,31.923,23.4596,16.4217,-4.86612,2,3.37364,2.77628,1,354.355
247,2000-09-04,00:00:00.00,4.23171,0.626684,0,16.3432,12.2274,20.4589,16.3432,-33333.3,-33333.3,1.18601,99.2591,0.5,0,31.678,23.7158,16.6011,-5.58148,2,2.82335,2.85375,1,285.176
248,2000-09-05,00:00:00.00,4.24888,0,0,11.4591,7.23216,15.6859,11.4591,-33333.3,-33333.3,1.20827,99.2244,0.5,0,31.4312,23.9702,16.7792,-6.33173,2,2.16033,2.45901,1,199.952
249,2000-09-06,00:00:00.00,4.26604,0,0,12.2982,4.1954,20.4009,12.2982,-33333.3,-33333.3,1.20444,99.2305,0.5,0,31.1827,23.7026,16.5918,-6.2127,2,2.25254,3.47456,1,214.594
250,2000-09-07,00:00:00.00,4.28321,0,0,15.9755,7.39155,24.5595,15.9755,-33333.3,-33333.3,1.18768,99.2566,0.5,0,30.9326,23.1675,16.2173,-5.64288,2,2.70951,3.98099,1,278.761
251,2000-09-08,00:00:00.00,4.30038,0,0,20.1205,14.5813,25.6596,20.1205,-33333.3,-33333.3,1.16881,99.2852,0.5,0,30.6808,22.5224,15.7657,-4.90215,2,3.21855,3.56117,1,351.088
252,2000-09-09,00:00:00.00,4.31754,2.06327,0,21.2693,16.7835,25.7552,21.2693,-33333.3,-33333.3,1.16357,99.293,0.5,0,30.4276,22.1891,15.5324,-4.67751,2,3.33798,3.27457,1,371.135
253,2000-09-10,00:00:00.00,4.33471,1.09979,0,22.0708,15.0254,29.1161,22.0708,-33333.3,-33333.3,1.15991,99.2984,0.5,0,30.173,21.8943,15.326,-4.51567,2,3.41105,4.15292,1,385.119
254,2000-09-11,00:00:00.00,4.35188,3.26852,0,23.723,20.496,26.95,23.723,-33333.3,-33333.3,1.15234,99.3095,0.5,0,29.917,21.4858,15.04,-4.1685,2,3.58854,2.90225,1,413.95
255,2000-09-12,00:00:00.00,4.36905,5.06696,0,22.4798,15.9359,29.0236,22.4798,-33333.3,-33333.3,1.15804,99.3012,0.5,0,29.6597,21.4496,15.0147,-4.43144,2,3.40369,3.97466,1,392.256
256,2000-09-13,00:00:00.00,4.38621,10.5589,0,16.3894,10.9088,21.87,16.3894,-33333.3,-33333.3,1.1858,99.2595,0.5,0,29.4013,21.923,15.3461,-5.5737,2,2.62623,3.06057,1,285.983
257,2000-09-14,00:00:00.00,4.40338,1.9407,0,16.4761,10.9412,22.011,16.4761,-33333.3,-33333.3,1.1854,99.2601,0.5,0,29.1418,21.7106,15.1974,-5.55909,2,2.61359,3.05626,1,287.496
258,2000-09-15,00:00:00.00,4.42055,5.80414,0,14.9175,11.2603,18.5746,14.9175,-33333.3,-33333.3,1.1925,99.2491,0.5,0,28.8812,21.6496,15.1547,-5.81501,2,2.40222,2.35015,1,260.299
259,2000-09-16,00:00:00.00,4.43771,4.06365,0,11.9935,7.73054,16.2565,11.9935,-33333.3,-33333.3,1.20583,99.2283,0.5,0,28.6197,21.6851,15.1796,-6.25638,2,2.03099,2.28966,1,209.278
260,2000-09-17,00:00:00.00,4.45488,0,0,14.2455,7.23906,21.2519,14.2455,-33333.3,-33333.3,1.19556,99.2444,0.5,0,28.3573,21.2935,14.9055,-5.92087,2,2.27903,3.1283,1,248.573
261,2000-09-18,00:00:00.00,4.47205,0,0,17.2812,11.3401,23.2223,17.2812,-33333.3,-33333.3,1.18174,99.2657,0.5,0,28.0942,20.8104,14.5673,-5.42109,2,2.614,3.12429,1,301.545
262,2000-09-19,00:00:00.00,4.48922,0,0,19.0804,12.8241,25.3368,19.0804,-33333.3,-33333.3,1.17355,99.2781,0.5,0,27.8303,20.4244,14.2971,-5.09817,2,2.79851,3.33891,1,332.94
263,2000-09-20,00:00:00.00,4.50638,1.14106,0,22.1266,15.4028,28.8503,22.1266,-33333.3,-33333.3,1.15965,99.2988,0.5,0,27.5659,19.8862,13.9204,-4.50425,2,3.12252,3.71167,1,386.093
264,2000-09-21,00:00:00.00,4.52355,4.90715,0,20.62,11.9588,29.2813,20.62,-33333.3,-33333.3,1.16653,99.2886,0.5,0,27.301,19.8507,13.8955,-4.80552,2,2.92071,4.01471,1,359.805
265,2000-09-22,00:00:00.00,4.54072,2.9409,0,12.1168,7.54195,16.6917,12.1168,-33333.3,-33333.3,1.20527,99.2292,0.5,0,27.0356,20.4117,14.2882,-6.23876,2,1.93233,2.24994,1,211.43
266,2000-09-23,00:00:00.00,4.55788,25.6802,0,15.6672,9.73746,21.5969,15.6672,-33333.3,-33333.3,1.18908,99.2544,0.5,0,26.7699,19.9162,13.9414,-5.69373,2,2.31015,2.83735,1,273.381
267,2000-09-24,00:00:00.00,4.57505,16.6137,0,12.6715,7.88118,17.4618,12.6715,-33333.3,-33333.3,1.20273,99.2331,0.5,0,26.504,19.9465,13.9625,-6.15845,2,1.95563,2.29887,1,221.108
268,2000-09-25,00:00:00.00,4.59222,0,0,9.15922,5.88028,12.4382,9.15922,-33333.3,-33333.3,1.21881,99.2077,0.5,0,26.2379,19.9749,13.9824,-6.63779,2,1.55117,1.66584,1,159.822
269,2000-09-26,00:00:00.00,4.60939,3.70993,0,11.063,6.36785,15.7581,11.063,-33333.3,-33333.3,1.21008,99.2216,0.5,0,25.9718,19.6365,13.7456,-6.38653,2,1.74183,2.11249,1,193.041
270,2000-09-27,00:00:00.00,4.62655,0.911949,0,13.4253,6.4909,20.3597,13.4253,-33333.3,-33333.3,1.1993,99.2385,0.5,0,25.7057,19.2546,13.4782,-6.04646,2,1.97747,2.74897,1,234.262
271,2000-09-28,00:00:00.00,4.64372,0.771755,0,6.44726,1.19172,11.7028,6.44726,-33333.3,-33333.3,1.2313,99.1875,0.5,0,25.4397,19.4887,13.6421,-6.9619,2,1.21581,1.83913,1,112.5
272,2000-09-29,00:00:00.00,4.66089,0,0,7.51503,-0.170775,15.2008,7.51503,-33333.3,-33333.3,1.22637,99.1955,0.5,0,25.1739,19.2152,13.4507,-6.83894,2,1.31528,2.29775,1,131.132
273,2000-09-30,00:00:00.00,4.67805,0,0,13.117,4.53936,21.6946,13.117,-33333.3,-33333.3,1.2007,99.2363,0.5,0,24.9085,18.6436,13.0505,-6.09267,2,1.88388,2.9333,1,228.882
274,2000-10-01,00:00:00.00,4.69522,0,0,16.4335,10.1145,22.7524,16.4335,-33333.3,-33333.3,1.1856,99.2598,0.5,0,24.6435,18.1762,12.7233,-5.56628,2,2.20495,2.75807,1,286.752
275,2000-10-02,00:00:00.00,4.71239,0,0,17.1213,9.58322,24.6593,17.1213,-33333.3,-33333.3,1.18247,99.2646,0.5,0,24.3789,17.9107,12.5375,-5.44882,2,2.25119,3.03993,1,298.754
276,2000-10-03,00:00:00.00,4.72956,0,0,16.3554,11.5221,21.1887,16.3554,-33333.3,-33333.3,1.18595,99.2592,0.5,0,24.115,17.7671,12.437,-5.57943,2,2.14963,2.35504,1,285.39
277,2000-10-04,00:00:00.00,4.74672,2.61146,0,12.6767,9.32764,16.0257,12.6767,-33333.3,-33333.3,1.20271,99.2332,0.5,0,23.8517,17.8339,12.4837,-6.15769,2,1.75983,1.73011,1,221.199
278,2000-10-05,00:00:00.00,4.76389,2.50391,0,9.11958,6.14778,12.0914,9.11958,-33333.3,-33333.3,1.21899,99.2074,0.5,0,23.5893,17.8475,12.4933,-6.64281,2,1.39017,1.42371,1,159.13
279,2000-10-06,00:00:00.00,4.78106,10.6286,0,8.50155,5.85533,11.1478,8.50155,-33333.3,-33333.3,1.22183,99.2028,0.5,0,23.3277,17.6721,12.3704,-6.71998,2,1.31451,1.29806,1,148.346
280,2000-10-07,00:00:00.00,4.79822,8.98529,0,7.55617,3.96456,11.1478,7.55617,-33333.3,-33333.3,1.22618,99.1958,0.5,0,23.0671,17.513,12.2591,-6.83408,2,1.20875,1.44162,1,131.85
281,2000-10-08,00:00:00.00,4.81539,3.79223,0,4.52543,0.306347,8.74451,4.52543,-33333.3,-33333.3,1.24021,99.173,0.5,0,22.8075,17.4499,12.215,-7.16839,2,0.906627,1.36024,1,78.9655
282,2000-10-09,00:00:00.00,4.83256,0,0,3.65222,0.374127,6.93031,3.65222,-33333.3,-33333.3,1.24428,99.1664,0.5,0,22.5491,17.2782,12.0947,-7.25606,2,0.814142,1.13905,1,63.7286
283,2000-10-10,00:00:00.00,4.84973,0.569746,0,5.96016,2.04743,9.87289,5.96016,-33333.3,-33333.3,1.23355,99.1839,0.5,0,22.292,16.9665,11.8765,-7.01602,2,1.0195,1.3626,1,104.001
284,2000-10-11,00:00:00.00,4.86689,1.20465,0,11.6054,6.41957,16.7912,11.6054,-33333.3,-33333.3,1.2076,99.2255,0.5,0,22.0362,16.4571,11.52,-6.31126,2,1.52679,1.91911,1,202.505
285,2000-10-12,00:00:00.00,4.88406,0,0,11.8907,4.56236,19.219,11.8907,-33333.3,-33333.3,1.2063,99.2275,0.5,0,21.7818,16.237,11.3659,-6.271,2,1.53501,2.27691,1,207.484
286,2000-10-13,00:00:00.00,4.90123,0,0,14.0673,8.15304,19.9815,14.0673,-33333.3,-33333.3,1.19637,99.2431,0.5,0,21.529,15.8972,11.128,-5.9485,2,1.7126,2.16993,1,245.464
287,2000-10-14,00:00:00.00,4.9184,0,0,17.4614,11.3184,23.6044,17.4614,-33333.3,-33333.3,1.18092,99.2669,0.5,0,21.2778,15.4568,10.8197,-5.38966,2,1.9938,2.41849,1,304.689
288,2000-10-15,00:00:00.00,4.93556,0.22911,0,14.473,10.1036,18.8424,14.473,-33333.3,-33333.3,1.19452,99.246,0.5,0,21.0283,15.4747,10.8323,-5.88533,2,1.70816,1.84495,1,252.544
289,2000-10-16,00:00:00.00,4.95273,11.2624,0,10.4006,9.13618,11.6651,10.4006,-33333.3,-33333.3,1.21311,99.2167,0.5,0,20.7806,15.5252,10.8676,-6.47622,2,1.33493,0.857035,1,181.484
290,2000-10-17,00:00:00.00,4.9699,0.334097,0,12.6701,10.3911,14.9491,12.6701,-33333.3,-33333.3,1.20274,99.2331,0.5,0,20.5348,15.1988,10.6392,-6.15865,2,1.51344,1.22847,1,221.085
291,2000-10-18,00:00:00.00,4.98706,8.54225,0,12.2599,9.03993,15.4799,12.2599,-33333.3,-33333.3,1.20461,99.2302,0.5,0,20.2909,15.0298,10.5208,-6.21821,2,1.46065,1.42346,1,213.927
292,2000-10-19,00:00:00.00,5.00423,0,0,10.6293,5.78831,15.4704,10.6293,-33333.3,-33333.3,1.21207,99.2184,0.5,0,20.0491,14.9292,10.4504,-6.44552,2,1.30681,1.63102,1,185.474
293,2000-10-20,00:00:00.00,5.0214,0,0,12.9764,4.23141,21.7215,12.9764,-33333.3,-33333.3,1.20134,99.2353,0.5,0,19.8095,14.6061,10.2242,-6.11354,2,1.48499,2.34478,1,226.43
294,2000-10-21,00:00:00.00,5.03857,0,0,14.0909,7.72394,20.4579,14.0909,-33333.3,-33333.3,1.19626,99.2433,0.5,0,19.5721,14.3512,10.0458,-5.94484,2,1.55804,2.04833,1,245.876
295,2000-10-22,00:00:00.00,5.05573,0,0,6.74468,0.94773,12.5416,6.74468,-33333.3,-33333.3,1.22993,99.1898,0.5,0,19.337,14.5477,10.1834,-6.92825,2,0.946924,1.48619,1,117.69
296,2000-10-23,00:00:00.00,5.0729,0,0,7.87947,-1.22961,16.9886,7.87947,-33333.3,-33333.3,1.22469,99.1982,0.5,0,19.1043,14.3104,10.0173,-6.7956,2,1.02585,1.92568,1,137.491
297,2000-10-24,00:00:00.00,5.09007,0.056154,0,8.59544,0.16435,17.0265,8.59544,-33333.3,-33333.3,1.2214,99.2035,0.5,0,18.8741,14.0931,9.86514,-6.70839,2,1.06975,1.88134,1,149.984
298,2000-10-25,00:00:00.00,5.10723,0,0,16.5762,13.1669,19.9854,16.5762,-33333.3,-33333.3,1.18495,99.2608,0.5,0,18.6464,13.4674,9.42718,-5.54215,2,1.6771,1.53926,1,289.242
299,2000-10-26,00:00:00.00,5.1244,0,0,17.147,11.2386,23.0554,17.147,-33333.3,-33333.3,1.18235,99.2648,0.5,0,18.4214,13.2545,9.27818,-5.44437,2,1.70057,2.03515,1,299.203
300,2000-10-27,00:00:00.00,5.14157,0,0,17.1837,10.0703,24.2972,17.1837,-33333.3,-33333.3,1.18218,99.265,0.5,0,18.1991,13.0794,9.15561,-5.43801,2,1.6827,2.20844,1,299.844
301,2000-10-28,00:00:00.00,5.15874,0.497207,0,13.0117,1.69246,24.3308,13.0117,-33333.3,-33333.3,1.20118,99.2356,0.5,0,17.9795,13.159,9.21131,-6.10832,2,1.34965,2.42399,1,227.044
302,2000-10-29,00:00:00.00,5.1759,0,0,3.63355,-1.80132,9.06842,3.63355,-33333.3,-33333.3,1.24437,99.1662,0.5,0,17.7629,13.4013,9.38091,-7.25789,2,0.639086,1.15433,1,63.4028
303,2000-10-30,00:00:00.00,5.19307,0,0,3.52715,-1.25281,8.30712,3.52715,-33333.3,-33333.3,1.24486,99.1654,0.5,0,17.5491,13.2325,9.26276,-7.26831,2,0.623566,1.06422,1,61.5463
304,2000-10-31,00:00:00.00,5.21024,0,0,3.69083,-2.94562,10.3273,3.69083,-33333.3,-33333.3,1.2441,99.1667,0.5,0,17.3384,13.0569,9.13984,-7.25226,2,0.627854,1.24841,1,64.4024
305,2000-11-01,00:00:00.00,5.2274,0,0,5.33399,-2.32187,12.9898,5.33399,-33333.3,-33333.3,1.23646,99.1792,0.5,0,17.1307,12.8313,8.98192,-7.08381,2,0.737562,1.4261,1,93.0743
306,2000-11-02,00:00:00.00,5.24457,0,0,7.90798,-0.855315,16.6713,7.90798,-33333.3,-33333.3,1.22456,99.1984,0.5,0,16.9261,12.5671,8.797,-6.79218,2,0.910202,1.67529,1,137.989
307,2000-11-03,00:00:00.00,5.26174,0.114555,0,7.93654,2.02182,13.8513,7.93654,-33333.3,-33333.3,1.22443,99.1986,0.5,0,16.7248,12.4054,8.68378,-6.78875,2,0.901294,1.36147,1,138.487
308,2000-11-04,00:00:00.00,5.27891,1.04823,0,6.76538,3.21411,10.3167,6.76538,-33333.3,-33333.3,1.22983,99.1899,0.5,0,16.5267,12.2936,8.60555,-6.92589,2,0.809928,0.995018,1,118.051
309,2000-11-05,00:00:00.00,5.29607,0.321825,0.0195938,3.90011,-0.505692,8.30592,3.90011,-33333.3,-33333.3,1.24312,99.1683,0.5,0,16.3319,12.2396,8.56773,-7.23156,2,0.605415,0.967479,1,68.0542
310,2000-11-06,00:00:00.00,5.31324,0,0,2.94744,-3.36531,9.26019,2.94744,-33333.3,-33333.3,1.24757,99.161,0.5,0,16.1406,12.1163,8.4814,-7.32407,2,0.534235,1.09426,1,51.4307
311,2000-11-07,00:00:00.00,5.33041,0,0,4.47038,-2.93713,11.8779,4.47038,-33333.3,-33333.3,1.24047,99.1726,0.5,0,15.9526,11.9161,8.34126,-7.17403,2,0.629147,1.25755,1,78.0049
312,2000-11-08,00:00:00.00,5.34757,0,0,11.9366,6.65612,17.217,11.9366,-33333.3,-33333.3,1.20609,99.2279,0.5,0,15.7682,11.4728,8.03099,-6.26448,2,1.11206,1.40132,1,208.285
313,2000-11-09,00:00:00.00,5.36474,1.38506,0,13.8452,10.2293,17.461,13.8452,-33333.3,-33333.3,1.19738,99.2415,0.5,0,15.5873,11.2388,7.86714,-5.98266,2,1.22309,1.21987,1,241.589
314,2000-11-10,00:00:00.00,5.38191,9.32945,0,11.8534,7.60867,16.0981,11.8534,-33333.3,-33333.3,1.20647,99.2273,0.5,0,15.41,11.1953,7.8367,-6.27629,2,1.0813,1.22442,1,206.833
315,2000-11-11,00:00:00.00,5.39908,1.78166,0,6.38825,4.90527,7.87122,6.38825,-33333.3,-33333.3,1.23157,99.1871,0.5,0,15.2364,11.2777,7.89437,-6.96852,2,0.722372,0.583692,1,111.47
316,2000-11-12,00:00:00.00,5.41624,0,0,4.15482,3.29661,5.01302,4.15482,-33333.3,-33333.3,1.24194,99.1702,0.5,0,15.0665,11.2161,7.85129,-7.20606,2,0.574184,0.398536,1,72.4986
317,2000-11-13,00:00:00.00,5.43341,0.935501,0,5.72784,2.72694,8.72873,5.72784,-33333.3,-33333.3,1.23463,99.1821,0.5,0,14.9003,11.0324,7.72269,-7.04141,2,0.665374,0.789829,1,99.9467
318,2000-11-14,00:00:00.00,5.45058,1.74984,0,5.65078,1.9215,9.38006,5.65078,-33333.3,-33333.3,1.23499,99.1815,0.5,0,14.738,10.9055,7.63387,-7.04977,2,0.65335,0.868034,1,98.6021
319,2000-11-15,00:00:00.00,5.46774,0,0,3.56659,0.572911,6.56027,3.56659,-33333.3,-33333.3,1.24468,99.1657,0.5,0,14.5795,10.8442,7.59091,-7.26445,2,0.519811,0.700985,1,62.2344
320,2000-11-16,00:00:00.00,5.48491,0,0,3.68636,0.614115,6.75861,3.68636,-33333.3,-33333.3,1.24412,99.1666,0.5,0,14.4248,10.7169,7.50182,-7.2527,2,0.521453,0.706531,1,64.3244
321,2000-11-17,00:00:00.00,5.50208,0.22911,0,3.34276,0.331139,6.35438,3.34276,-33333.3,-33333.3,1.24572,99.164,0.5,0,14.2741,10.6064,7.42445,-7.28622,2,0.49556,0.681146,1,58.3288
322,2000-11-18,00:00:00.00,5.51925,0.202387,0.026723,1.81731,-0.55292,4.18754,1.81731,-33333.3,-33333.3,1.25287,99.1523,0.5,0,14.1274,10.531,7.37167,-7.42808,2,0.400759,0.554914,1,31.7108
323,2000-11-19,00:00:00.00,5.53641,0,0,-0.155002,-2.68692,2.37692,-0.155002,-33333.3,-33333.3,1.26217,99.1369,0.5,0,13.9846,10.4659,7.32612,-7.59916,2,0.281919,0.510654,1,-2.70467
324,2000-11-20,00:00:00.00,5.55358,0.151895,0.0772149,1.03715,-2.1447,4.21899,1.03715,-33333.3,-33333.3,1.25654,99.1462,0.5,0,13.8459,10.3253,7.22769,-7.49631,2,0.347782,0.60507,1,18.0975
325,2000-11-21,00:00:00.00,5.57075,0.238384,0.84652,-1.63363,-4.54799,1.28074,-1.63363,-33333.3,-33333.3,1.26924,99.1252,0.5,0,13.7113,10.2795,7.19563,-7.75025,2,0.192029,0.492144,1,-28.5056
326,2000-11-22,00:00:00.00,5.58791,0,1.2602,-4.84198,-7.01213,-2.67182,-4.84198,-33333.3,-33333.3,1.2847,99.0994,0.5,0,13.5807,10.2383,7.16679,-8.03532,2,0.00892786,0.337161,1,-84.4891
327,2000-11-23,00:00:00.00,5.60508,0,1.48245,-7.23176,-9.84046,-4.62305,-7.23176,-33333.3,-33333.3,1.29636,99.0798,0.5,0,13.4543,10.1769,7.12384,-8.21144,2,0,0.298681,1,-126.189
328,2000-11-24,00:00:00.00,5.62225,0,0.114555,-6.24405,-12.3992,-0.088919,-6.24405,-33333.3,-33333.3,1.29153,99.088,0.5,0,13.3321,10.0616,7.04309,-8.14228,2,0,0.497109,1,-108.954
329,2000-11-25,00:00:00.00,5.63942,0.075727,0.094983,-0.735234,-7.2533,5.78283,-0.735234,-33333.3,-33333.3,1.26494,99.1323,0.5,0,13.214,9.85969,6.90178,-7.65997,2,0.234403,0.748729,1,-12.8293
330,2000-11-26,00:00:00.00,5.65658,12.0114,0,4.13807,2.02162,6.25453,4.13807,-33333.3,-33333.3,1.24202,99.1701,0.5,0,13.1002,9.64736,6.75315,-7.20775,2,0.497901,0.543763,1,72.2065
331,2000-11-27,00:00:00.00,5.67375,9.03435,0,5.34557,3.94192,6.74921,5.34557,-33333.3,-33333.3,1.2364,99.1792,0.5,0,12.9906,9.52582,6.66807,-7.08257,2,0.558951,0.463291,1,93.2763
332,2000-11-28,00:00:00.00,5.69092,0.22911,0,3.56494,1.44142,5.68846,3.56494,-33333.3,-33333.3,1.24469,99.1657,0.5,0,12.8852,9.49201,6.64441,-7.26461,2,0.458975,0.521737,1,62.2057
333,2000-11-29,00:00:00.00,5.70809,1.42629,0,3.39601,1.19331,5.59872,3.39601,-33333.3,-33333.3,1.24548,99.1644,0.5,0,12.7842,9.41608,6.59126,-7.28107,2,0.446375,0.523039,1,59.258
334,2000-11-30,00:00:00.00,5.72525,1.77481,1.29704,0.274538,-1.49059,2.03967,0.274538,-33333.3,-33333.3,1.26014,99.1403,0.5,0,12.6874,9.41493,6.59045,-7.56023,2,0.278288,0.39624,1,4.7905
335,2000-12-01,00:00:00.00,5.74242,0,0,-2.46523,-4.47261,-0.457862,-2.46523,-33333.3,-33333.3,1.27322,99.1186,0.5,0,12.595,9.39818,6.57872,-7.82967,2,0.132757,0.355892,1,-43.0166
336,2000-12-02,00:00:00.00,5.75959,0,1.597,-4.96759,-7.75246,-2.18273,-4.96759,-33333.3,-33333.3,1.28531,99.0984,0.5,0,12.5069,9.37289,6.56103,-8.04533,2,0.0016854,0.348328,1,-86.681
337,2000-12-03,00:00:00.00,5.77675,0,0,-5.08937,-10.7503,0.571522,-5.08937,-33333.3,-33333.3,1.2859,99.0974,0.5,0,12.4232,9.30743,6.5152,-8.05495,2,0,0.488619,1,-88.8059
338,2000-12-04,00:00:00.00,5.79392,0,0,-2.80611,-7.8104,2.19819,-2.80611,-33333.3,-33333.3,1.27486,99.1159,0.5,0,12.3438,9.20283,6.44198,-7.86109,2,0.112603,0.538473,1,-48.9646
339,2000-12-05,00:00:00.00,5.81109,0.350246,0.827458,-2.19182,-7.60097,3.21734,-2.19182,-33333.3,-33333.3,1.27191,99.1208,0.5,0,12.2688,9.1309,6.39163,-7.804,2,0.143253,0.579227,1,-38.2456
340,2000-12-06,00:00:00.00,5.82826,0,0.17071,-6.48184,-8.63965,-4.32402,-6.48184,-33333.3,-33333.3,1.29269,99.086,0.5,0,12.1983,9.14843,6.4039,-8.15939,2,0,0.263761,1,-113.103
341,2000-12-07,00:00:00.00,5.84542,0,0.285265,-7.11187,-8.86573,-5.35801,-7.11187,-33333.3,-33333.3,1.29577,99.0808,0.5,0,12.1321,9.10456,6.37319,-8.20332,2,0,0.223339,1,-124.097
342,2000-12-08,00:00:00.00,5.86259,0,0.667917,-6.82665,-8.54342,-5.10988,-6.82665,-33333.3,-33333.3,1.29438,99.0832,0.5,0,12.0704,9.05044,6.33531,-8.18368,2,0,0.225707,1,-119.12
343,2000-12-09,00:00:00.00,5.87976,0,0.056154,-7.72909,-13.0851,-2.37307,-7.72909,-33333.3,-33333.3,1.29881,99.0757,0.5,0,12.0131,9.0174,6.31218,-8.24437,2,0,0.364145,1,-134.867
344,2000-12-10,00:00:00.00,5.89692,0,0,-4.51448,-11.3564,2.32741,-4.51448,-33333.3,-33333.3,1.28311,99.1021,0.5,0,11.9603,8.92483,6.24738,-8.00883,2,0.0241431,0.540551,1,-78.7745
345,2000-12-11,00:00:00.00,5.91409,0.435469,0.0205052,1.76009,-0.173948,3.69413,1.76009,-33333.3,-33333.3,1.25314,99.1518,0.5,0,11.9119,8.76214,6.1335,-7.43318,2,0.334793,0.421418,1,30.7123
346,2000-12-12,00:00:00.00,5.93126,2.41009,3.69975,-1.43852,-8.25359,5.37655,-1.43852,-33333.3,-33333.3,1.2683,99.1268,0.5,0,11.868,8.79488,6.15641,-7.73104,2,0.175732,0.65927,1,-25.1011
347,2000-12-13,00:00:00.00,5.94843,0,0.893633,-8.39329,-13.2825,-3.50408,-8.39329,-33333.3,-33333.3,1.30208,99.0702,0.5,0,11.8285,8.87744,6.2142,-8.28641,2,0,0.319976,1,-146.457
348,2000-12-14,00:00:00.00,5.96559,0,14.9543,-3.73409,-6.50794,-0.960242,-3.73409,-33333.3,-33333.3,1.27934,99.1084,0.5,0,11.7936,8.7774,6.14418,-7.94334,2,0.0620719,0.359322,1,-65.1573
349,2000-12-15,00:00:00.00,5.98276,0,0,-4.8408,-10.4157,0.734148,-4.8408,-33333.3,-33333.3,1.28469,99.0995,0.5,0,11.7631,8.77148,6.14004,-8.03523,2,0.00778627,0.468112,1,-84.4684
350,2000-12-16,00:00:00.00,5.99993,0,0,-0.827201,-3.55284,1.89844,-0.827201,-33333.3,-33333.3,1.26538,99.1316,0.5,0,11.7371,8.67799,6.0746,-7.66943,2,0.203632,0.427739,1,-14.4341
351,2000-12-17,00:00:00.00,6.01709,7.85266,1.34269,5.31679,-2.19319,12.8268,5.31679,-33333.3,-33333.3,1.23654,99.179,0.5,0,11.7156,8.51804,5.96263,-7.08564,2,0.502546,0.965256,1,92.7743
352,2000-12-18,00:00:00.00,6.03426,0,0.64382,-3.45891,-6.68336,-0.234472,-3.45891,-33333.3,-33333.3,1.27801,99.1106,0.5,0,11.6987,8.69622,6.08735,-7.91945,2,0.0749612,0.39181,1,-60.3556
353,2000-12-19,00:00:00.00,6.05143,0,0.114555,-4.1533,-7.42203,-0.884582,-4.1533,-33333.3,-33333.3,1.28136,99.105,0.5,0,11.6862,8.69803,6.08862,-7.97893,2,0.0411418,0.37499,1,-72.4722
354,2000-12-20,00:00:00.00,6.0686,0,0.341419,-6.74283,-9.65735,-3.8283,-6.74283,-33333.3,-33333.3,1.29397,99.0839,0.5,0,11.6782,8.73233,6.11263,-8.17784,2,0,0.286705,1,-117.658
355,2000-12-21,00:00:00.00,6.08576,0,0,-5.52158,-10.007,-1.03615,-5.52158,-33333.3,-33333.3,1.288,99.0939,0.5,0,11.6748,8.71092,6.09764,-8.08847,2,0,0.394842,1,-96.3476
356,2000-12-22,00:00:00.00,6.10293,0,0,-6.95082,-12.344,-1.55761,-6.95082,-33333.3,-33333.3,1.29498,99.0822,0.5,0,11.6759,8.73328,6.1133,-8.19228,2,0,0.382595,1,-121.287
357,2000-12-23,00:00:00.00,6.1201,0,0,-8.44731,-12.3637,-4.53095,-8.44731,-33333.3,-33333.3,1.30235,99.0697,0.5,0,11.6815,8.75866,6.13106,-8.28973,2,0,0.281193,1,-147.399
358,2000-12-24,00:00:00.00,6.13726,0,0.17071,-6.30692,-9.74221,-2.87163,-6.30692,-33333.3,-33333.3,1.29183,99.0875,0.5,0,11.6916,8.73618,6.11532,-8.14683,2,0,0.323906,1,-110.051
359,2000-12-25,00:00:00.00,6.15443,0,0.39982,-7.74606,-12.9452,-2.5469,-7.74606,-33333.3,-33333.3,1.29889,99.0756,0.5,0,11.7062,8.76876,6.13813,-8.24548,2,0,0.349017,1,-135.163
360,2000-12-26,00:00:00.00,6.1716,0,0.056154,-8.46208,-11.4604,-5.46372,-8.46208,-33333.3,-33333.3,1.30242,99.0696,0.5,0,11.7253,8.79394,6.15576,-8.29063,2,0,0.246573,1,-147.657
361,2000-12-27,00:00:00.00,6.18877,0,0.72173,-6.65916,-9.36324,-3.95508,-6.65916,-33333.3,-33333.3,1.29356,99.0846,0.5,0,11.7489,8.78734,6.15114,-8.17196,2,0,0.279934,1,-116.198
362,2000-12-28,00:00:00.00,6.20593,0,0.892439,-10.7153,-12.848,-8.58268,-10.7153,-33333.3,-33333.3,1.31362,99.0506,0.5,0,11.7771,8.86435,6.20504,-8.41628,2,0,0.15847,1,-186.975
363,2000-12-29,00:00:00.00,6.2231,0,0.114555,-10.3273,-13.4456,-7.20893,-10.3273,-33333.3,-33333.3,1.31168,99.0539,0.5,0,11.8098,8.88594,6.22016,-8.39639,2,0,0.202681,1,-180.203
364,2000-12-30,00:00:00.00,6.24027,0,1.63827,-7.28709,-9.99469,-4.57949,-7.28709,-33333.3,-33333.3,1.29663,99.0794,0.5,0,11.847,8.87519,6.21263,-8.21517,2,0,0.266533,1,-127.155
365,2000-12-31,00:00:00.00,6.25743,0,3.30078,-7.28236,-8.68256,-5.88217,-7.28236,-33333.3,-33333.3,1.29661,99.0794,0.5,0,11.8887,8.90861,6.23603,-8.21485,2,0,0.192431,1,-127.072
366,2001-01-01,00:00:00.00,6.2746,0,1.31174,-8.53918,-11.0828,-5.99554,-8.53918,-33333.3,-33333.3,1.3028,99.069,0.5,0,11.9348,8.96347,6.27443,-8.29534,2,0,0.229257,1,-149.003
